uid,hotkey,hotkey_short,name,stake,div,incentive,emission,tv,consensus,take,take_known,is_ghost,staleness_blocks,staleness_hours,stale_flag,your_yield,top1_pct,top3_pct,conc_flag,nominator_count,self_stake_pct,subnet_count
55,5E4z3h9yVhmQyCFWNbY9BPpwhx4xFiPwq3eeqmBgVF6KULde,5E4z3h9y...,,19147.107421875,0.10218966752290726,0.0,0.5686779618263245,0.5142900943756104,0.0,0.0899977111467155,True,False,3509505,11698.35,STALE,3.641140847794216e-05,0.3952255721337756,0.611029234881699,MODERATE,226,0.0,1
9,5CszMVts9ueMUSKdAwLFSLT7u4oyxN7fUBpo8Z3ETw1ggMUV,5CszMVts...,,9000.44140625,0.027710383757948875,0.07138170301914215,0.5514393448829651,0.27582207322120667,0.05426108092069626,0.05999847409781033,True,False,3462991,11543.303333333333,STALE,2.1687366048252484e-05,0.3374383286358014,0.7414251050062898,MODERATE,90,2.764080735190591e-05,1
8,5FnGPRV7fQSWjHo8Q3Bgrn7GzciQKJKUitv9WCwqTzZKMVZZ,5FnGPRV7...,,15669.150390625,0.04113832488656044,0.05061417445540428,0.5106600522994995,0.6325322389602661,0.036987870931625366,0.0,True,False,3516053,11720.176666666666,STALE,1.9681336826501905e-05,0.5721022218748024,0.7756280588858927,HIGH,124,0.0,1
15,5CsvRJXuR955WojnGMdok1hbhffZyB4N5ocrv82f3p5A2zVp,5CsvRJXu...,,180070.46875,0.20885023474693298,0.0,1.162156105041504,0.5075608491897583,0.0,0.0899977111467155,True,False,3463097,11543.656666666666,STALE,7.915495977929897e-06,0.18698415053166534,0.4381039146554947,DISTRIBUTED,874,0.0,52
61,5GP7c3fFazW9GXK8Up3qgu2DJBk8inu4aK9TZy3RuoSWVCMi,5GP7c3fF...,,72612.203125,0.06839093565940857,0.0,0.3805982172489166,0.7504844665527344,0.0,0.0,True,False,3476619,11588.73,STALE,7.063262384351206e-06,0.3139271963512535,0.494039968081126,MODERATE,595,0.0,20
20,5DXdHixxtCvoa6GHKs2Jgrdzc61882Ftx1zN2sYFQuwgL1S1,5DXdHixx...,,662798.1875,0.41701382398605347,0.0004882887005805969,2.3231751918792725,0.6586251854896545,0.00041199359111487865,0.0899977111467155,True,False,3504928,11683.093333333334,STALE,4.294058667580112e-06,0.10688853001957531,0.2080114515970008,DISTRIBUTED,943,0.0,1
3,5Gq2gs4ft5dhhjbHabvVbAhjMCV2RgKmVJKAFCUWiirbRT21,5Gq2gs4f...,,302479.125,0.13336385786533356,0.0,0.7421349287033081,0.548699140548706,0.0,0.0899977111467155,True,False,3463012,11543.373333333333,STALE,3.009093771693814e-06,0.374951501123169,0.5373320946888926,MODERATE,1695,0.0,2
2,5G3wMP3g3d775hauwmAZioYFVZYnvw6eY46wkFy8hEWD5KP3,5G3wMP3g...,,249349.609375,0.0012664988171309233,0.013977264054119587,0.08495710045099258,0.4112764298915863,0.009292744100093842,0.179995422293431,True,False,3476299,11587.663333333334,STALE,3.123637111180656e-08,0.09437326399675953,0.23619014706258307,DISTRIBUTED,5508,0.07944891776555084,1
1,5E2LP6EnZ54m3wS8s1yPvD5c3xo71kQroBw7aUVK32TKeZ5u,5E2LP6En...,,1001406.8125,0.0,0.045059893280267715,0.25075897574424744,0.3351033926010132,0.029404135420918465,0.0,True,True,5491018,18303.393333333333,STALE,0.0,0.07064854803043454,0.13289134199037478,DISTRIBUTED,4865,0.00017972645631689094,112
54,5Ckaoft1B1CQ9zBV2FLVju4KPuMQzJVn7QUf3JeTvTq1uUes,5Ckaoft1...,,726564.6875,0.0,0.0,0.0,0.00013733119703829288,0.0,0.179995422293431,True,True,5242533,17475.11,STALE,0.0,0.26685313840612696,0.7531979529549125,MODERATE,140,0.0,1
6,5GKH9FPPnWSUoeeTJp19wVtd84XqFW4pyK2ijV2GsFbhTrP1,5GKH9FPP...,,587240.1875,0.0,0.016464484855532646,0.09161641448736191,0.5271534323692322,0.014785991981625557,0.0899977111467155,True,True,3476534,11588.446666666667,STALE,0.0,0.09783556209720598,0.22524999389555106,DISTRIBUTED,8022,0.0,1
29,5HmkM6X1D3W3CuCSPuHhrbYyZNBy2aGAiZy9NczoJmtY25H7,5HmkM6X1...,,265949.15625,0.0,0.011490043252706528,0.06394300609827042,0.40570688247680664,0.009292744100093842,0.0899977111467155,True,True,3470345,11567.816666666668,STALE,0.0,0.1782398472909664,0.4511145174031612,DISTRIBUTED,690,2.818723091006179e-09,15
10,5Dd8gaRNdhm1YP7G1hcB1N842ecAUQmbLjCRLqH5ycaTGrWv,5Dd8gaRN...,,207189.953125,0.0,0.0,0.0,0.48293277621269226,0.0,0.0,True,True,4341023,14470.076666666666,STALE,0.0,0.1992310530981337,0.44446190523237317,DISTRIBUTED,39,0.10072938283772184,1
4,5HK5tp6t2S59DywmHRWPBVJeJ86T61KjurYqeooqj8sREpeN,5HK5tp6t...,,195785.671875,0.0,0.143541619181633,0.7987699508666992,0.5206988453865051,0.09689478576183319,0.0899977111467155,True,True,3476822,11589.406666666666,STALE,0.0,0.06058672649841843,0.15727059856159542,DISTRIBUTED,3701,0.0,12
57,5G9mJMfD12NxF3oXuTrLuCQHyQeJfMkHKHbPncDnGbTn423v,5G9mJMfD...,,139938.828125,0.0,0.0,0.0,0.048325322568416595,0.0,0.179995422293431,True,True,5550247,18500.823333333334,STALE,0.0,1.0,1.0,HIGH,1,0.0,1
18,5GTWwu3NCbYmVFzwfrXa1sx8y4UNLR3padWfVZwjNnDmySXP,5GTWwu3N...,,137484.796875,0.0,0.0,0.0,0.1412832885980606,0.0,0.0,True,True,164833,549.4433333333334,STALE,0.0,0.9997008849211905,1.0,HIGH,2,0.0002991150788095409,1
5,5FtBncJvGhxjBs4aFn2pid6aur9tBUuo9QR7sHe5DkoRizzo,5FtBncJv...,,92982.6796875,0.0,0.009018082171678543,0.050193626433610916,0.5547112226486206,0.0073853665962815285,0.0899977111467155,True,True,3478548,11595.16,STALE,0.0,0.21393081127097083,0.42582516618988003,DISTRIBUTED,711,0.0038100059469010424,1
7,5G1NjW9YhXLadMWajvTkfcJy6up3yH2q1YzMXDTi6ijanChe,5G1NjW9Y...,,66880.6796875,0.0,0.010589761659502983,0.05894910916686058,0.13443198800086975,0.009292744100093842,0.179995422293431,True,True,4572537,15241.79,STALE,0.0,0.8723999576258028,0.9487817622307431,HIGH,13,0.8723999576258028,13
62,5GcAZ4SFfghRCYqhSTaeGqmgfosWfRRtSjp5T1YxpVuNHZCV,5GcAZ4SF...,,63562.6015625,0.0,0.0,0.0,0.0,0.0,0.0,True,True,5837929,19459.763333333332,STALE,0.0,0.9765484390716695,0.9918091441661167,HIGH,45,1.0995748814087342e-05,1
58,5HbScNssaEfioJHXjcXdpyqo1AKnYjymidGF8opcF9rTFZdT,5HbScNss...,,53558.80859375,0.0,0.0,0.0,0.07048141956329346,0.0,0.0899977111467155,True,True,3615319,12051.063333333334,STALE,0.0,0.46668490877823154,0.9816199896173543,MODERATE,8,0.017144987328716478,43
35,5Deo9Q3SnZWNPSEPRTgapbyy6egKu2oaNSqD4RQHHJEuzD9Y,5Deo9Q3S...,,52878.45703125,0.0,0.009918364696204662,0.05524424836039543,0.0073853665962815285,0.009292744100093842,0.179995422293431,True,True,5842115,19473.716666666667,STALE,0.0,0.981282246158751,0.9875431630397783,HIGH,59,0.0,1
26,5G9hfkx9wGB1CLMT9WXkpHSAiYzjZb5o1Boyq4KAdDhjwrc5,5G9hfkx9...,,49507.03515625,0.0,0.0,0.0,0.0,0.0,0.0,True,True,5237063,17456.876666666667,STALE,0.0,0.21548921429319803,0.328639316140149,DISTRIBUTED,412,4.0398299083654085e-05,85
44,5E4hBXkG9uVc1y9zdNzgCiLHrPbFukChkYeN1LxFnZgg4ASL,5E4hBXkG...,,47347.0,0.0,0.0,0.0,0.0,0.0,0.0899977111467155,True,True,6930681,23102.27,STALE,0.0,0.14514081726552736,0.2843319755392111,DISTRIBUTED,1521,0.0,1
17,5Fy3MjrdKRvUWSuJa4Yd5dmBYunzKNmXnLcvP22NfaTvhQCY,5Fy3Mjrd...,,45066.828125,0.0,0.02554360218346119,0.14215236902236938,0.48729684948921204,0.018493935465812683,0.0899977111467155,True,True,3472137,11573.79,STALE,0.0,0.055065686333838765,0.12093916337872285,DISTRIBUTED,1020,0.0,4
56,5D4gEn5S422dTGR5NJJKZ93FNV6hDmfwDPfxFNgcoVnUkZ4f,5D4gEn5S...,,44289.08203125,0.0,0.0,0.0,0.0,0.0,0.04998855573357748,True,True,3469757,11565.856666666667,STALE,0.0,0.12190720625905793,0.3335319586319695,DISTRIBUTED,354,0.01624906223986737,1
22,5DvTpiniW9s3APmHRYn8FroUWyfnLtrsid5Mtn5EwMXHN2ed,5DvTpini...,,43410.11328125,0.0,0.0,0.0,0.19559013843536377,0.0,0.0899977111467155,True,True,4119383,13731.276666666667,STALE,0.0,0.23598004182000568,0.3723757448091161,DISTRIBUTED,563,0.0,2
30,5FFM6Nvvm78GqyMratgXXvjbqZPi7SHgSQ81nyS96jBuUWgt,5FFM6Nvv...,,36413.03125,0.0,0.03663691133260727,0.20386555790901184,0.09050125628709793,0.03028915822505951,0.179995422293431,True,True,3569317,11897.723333333333,STALE,0.0,0.50583960304393,0.9989642137570788,HIGH,21,0.0,1
31,5Fq5v71D4LX8Db1xsmRSy6udQThcZ8sFDqxQFwnUZ1BuqY5A,5Fq5v71D...,,28981.83203125,0.0,0.022812237963080406,0.12700104713439941,0.00013733119703829288,0.018493935465812683,0.07998779278248264,True,True,3463088,11543.626666666667,STALE,0.0,0.22869424516597717,0.552395320600289,DISTRIBUTED,58,0.03581326186507541,1
52,5CoZxgtfhcJKX2HmkwnsN18KbaT9aih9eF3b6qVPTgAUbifj,5CoZxgtf...,,26951.18359375,0.0,0.011459525674581528,0.06380008906126022,0.0,0.009292744100093842,0.179995422293431,True,True,3881178,12937.26,STALE,0.0,0.32936694134706285,0.7561113465273607,MODERATE,161,0.0009753900533274182,1
53,5F2NCTUugqBHMPp5UyGjGMV9a94a2Eh6JDPBUFzWL2Zabjz8,5F2NCTUu...,,16950.771484375,0.0,0.0,0.0,0.0,0.0,0.0899977111467155,True,True,6683422,22278.073333333334,STALE,0.0,0.1437258462233597,0.200713296030351,DISTRIBUTED,683,0.0,1
41,5GmvyePN9aYErXBBhBnxZKGoGk4LKZApE4NkaSzW62CYCYNA,5GmvyePN...,,7024.7470703125,0.0,0.013550011441111565,0.07541696727275848,0.21393148601055145,0.009292744100093842,0.0899977111467155,True,True,3462460,11541.533333333333,STALE,0.0,0.3418356976486086,0.45468427085826196,MODERATE,267,1.423538818833866e-13,1
60,5DM7CPqPKtMSADhFKYsstsCS4Tm4Kd6PMXoh6DdqY4MtxmtX,5DM7CPqP...,,4594.1640625,0.0,0.0,0.0,0.1743648499250412,0.0,0.0,True,True,3637385,12124.616666666667,STALE,0.0,0.18461383233378034,0.46825441448735317,DISTRIBUTED,99,0.0,1
59,5EtUYRu7sFqs9obCrN6JSNTnAAcpk98oJ27YV2EF9gC4tvzs,5EtUYRu7...,,4224.158203125,0.0,0.0,0.0,0.14592202007770538,0.0,0.09999237048905166,True,True,3787890,12626.3,STALE,0.0,0.4857375453405094,0.8818071240765317,MODERATE,9,0.0,21
23,5FxcZraZACr4L78jWkcYe3FHdiwiAUzrKLVtsSwkvFobBKqq,5FxcZraZ...,,2864.0556640625,0.0,0.034256502985954285,0.19062966108322144,0.043579768389463425,0.027786679565906525,0.179995422293431,True,True,3506780,11689.266666666666,STALE,0.0,0.5985345567060282,0.73152971483466,HIGH,125,0.0,1
45,5ELREhApbCahM7FyGLM1V9WDsnnjCRmMCJTmtQD51oAEqwVh,5ELREhAp...,,2317.89501953125,0.0,0.0057068741880357265,0.031828105449676514,0.0,0.0045929658226668835,0.0,True,True,3586870,11956.233333333334,STALE,0.0,0.29363185071391057,0.5397311084302181,MODERATE,112,0.005387939919767961,3
37,5FFSBkNiymQWHaxc8dTmfTT7iHoz6YDexVG4xR2yLrffVR86,5FFSBkNi...,,2247.329833984375,0.0,0.0,0.0,0.009292744100093842,0.0,0.013550011444266423,True,True,5569677,18565.59,STALE,0.0,0.4988353815082963,0.8105551895830799,MODERATE,12,0.0,1
46,5HpmskNwfgBSqsiJ8GoYazEXNP89eppotYZqfnRnE87kxaWG,5HpmskNw...,,1084.0338134765625,0.0,0.0,0.0,0.0,0.0,0.09999237048905166,True,True,6206263,20687.543333333335,STALE,0.0,0.9906510267122717,0.999045436654318,HIGH,4,0.0,1
16,5HZ7yqdZhZdFpvqz6mrXeiMazszseDyusP6bLiLKEx4TKvif,5HZ7yqdZ...,,1071.771728515625,0.0,0.0,0.0,0.036987870931625366,0.0,0.0899977111467155,True,True,5997034,19990.113333333335,STALE,0.0,0.9978813883739228,1.0,HIGH,3,0.0,1
