combined_apy_rank,real_apy_rank,emission_rank,epr_rank,netuid,name,date,block,spot_price,moving_price,momentum_30d,ema_band,ema_lag_flag,low_emission,tao_emission,tao_reserves,alpha_outstanding,alpha_out_emission,alpha_in_pool,volume,ema_tao_inflow,pool_growth_real,pool_ema_divergence,flow_momentum,flow_price_divergence,emission_price_ratio,emission_price_ratio_raw,emission_apy,price_apy_7d,price_apy_30d,combined_apy_7d,combined_apy_30d,real_apy,gross_emission_rate,net_supply_delta,supply_days_gap,supply_defence,supply_defence_quality,burned_tokens,manual_burn,miner_burn_rate,liquidation_price,liquidation_haircut,owner_coldkey,owner_stake,owner_inflow_pct,owner_inflow_flag,large_entry_anomaly,immune,registered_at,vali_miner_share,best_validator_uid,best_validator_hotkey,best_validator_take,best_validator_raw_apy,best_validator_apy,best_validator_div_pct,best_validator_trust
1,2,5,25,97,Albedo,2026-06-06,8347725,0.025835829,0.025087999645620584,0.029808249559265254,IN BAND,False,False,0.012928351,6476.976564486,512332.107852257,1.0,250661.80065003,266989.40266812,0.001997882,-7007.3658863331075,DISTRIBUTING_PRE_EMA,0.5083796267634662,,0.07732989717496581,0.07732989717496581,5.245612067564466,-6.590539717482697,0.3626670363043939,-1.3449276499182305,5.608279103868861,5.245612067564466,5.1294852688753325,,,,,,,1.52587890625e-05,0.012642144548851481,-0.5106739346799563,5EUXD91A...,1230576.5,0.0,,,True,7735450,0.5,,,,,,,
2,1,12,14,96,Verathos,2026-06-06,8347725,0.013897871,0.01500641368329525,-0.0738712597620344,IN BAND,False,False,0.005586282,1491.418998438,281418.109792,1.0,107312.962939763,23174.244259593,0.001468692,6926.871442584656,,-0.13676122945337127,,0.10567748110483972,0.10567748110483972,9.843477326878302,-15.81020092927438,-0.8987669937714186,-10.157258825771919,4.754175109731044,5.652942103502462,9.338418206072065,4.19053522337584,1,0.0,,0.0,0.0,0.0004577524960041046,0.00529965537591141,-0.6186714227012605,5CGq1JQh...,779890.9375,,,,True,7692872,0.8664071467182313,,,,,,,
3,3,8,18,38,colosseum,2026-06-06,8347725,0.013969725,0.013830373995006084,0.010075722105868823,IN BAND,False,False,0.006984862,3816.203727444,1039638.558608236,1.0,272807.844933417,89628.066179842,0.001365199,1884.4196615288965,,0.038798213375335906,,0.09772554577846021,0.09772554577846021,4.810072691872387,-6.6138122271846544,0.12258795228807068,-4.586159473649943,2.150240705822783,2.027652753534712,2.5278015885810383,2.7824199383376746,1,0.0,,1051.9589057439007,0.0,0.0,0.0036707023761726877,-0.7372387519315743,5CaHKFJZ...,153182.6875,0.08288764449040545,,,False,7284230,1.0,,,,,,,
4,4,3,7,15,ORO,2026-06-06,8347725,0.035582906,0.03473364282399416,0.024450737295518075,IN BAND,False,False,0.017782032,8502.168744172,923120.054298954,1.0,238838.811802257,211265.424817517,0.004280676,680.0623388904787,,-0.04440259033155112,,0.12030147284766456,0.12030147284766456,5.496383511328555,16.23810729501654,0.29748397042880326,18.060187800801046,2.1195644762133092,1.822080505784506,2.8468669787439347,3.6743030055440493,1,0.0,,920.3483664810192,0.0,0.0007934595923870802,0.009210252452622547,-0.7411607570044294,5GE9r7GM...,,,,,False,7366897,0.6600644473007089,,,,,,,
5,5,23,28,112,minotaur,2026-06-06,8347725,0.005575995,0.005377742229029536,0.036865428376294744,IN BAND,False,False,0.002787987,5150.176256153,1859845.470621355,1.0,923636.332568999,80439.659617552,0.000385735,-24995.968240358983,DISTRIBUTING_PRE_EMA,8.068109356103639,,0.06917778800016858,0.06917778800016858,1.4226367160243332,3.7973244592261937,0.4485293785782527,5.219961175250527,1.8711660946025859,1.4226367160243332,1.413020619999151,,,,,,,0.0,0.0027691420268547255,-0.5033815441271512,5D7Rf7Hb...,980736.75,0.2574241099154275,BUYBACK_GAMING,,False,5633022,1.0,,,,,,,
6,30,30,30,123,MANTIS,2026-06-06,8347725,0.004016387,0.0037182653322815895,0.0801776207658311,IN BAND,False,True,0.0,7230.831146198,1777236.907529706,1.0,1811836.93567587,510524.489268656,-0.002529496,-104959.07898496883,,0.35640000712426495,,,,,-13.160514189528246,0.9754943859842783,-13.160514189528246,0.9754943859842783,,1.4786998789333177,25.185940529634063,1,0.0,,385.0,0.0,0.0019989185966551304,0.00406858034264469,0.012995097993467826,5HVuEdEG...,914245.8125,0.0,,,False,5794330,0.5045104304686183,,,,,,,
7,31,31,31,71,Leadpoet,2026-06-06,8347725,0.005474658,0.005118894390761852,0.06950008772992076,IN BAND,False,True,0.0,5687.323299642,3918863.246502183,1.0,1034951.357576535,1160776.574306092,-0.000979602,-144873.81765975896,,0.716068090187906,,,,,2.2060792363771804,0.845584400714036,2.2060792363771804,0.845584400714036,,0.6706026300728012,16.05856175383509,1,0.0,,387.2861437443644,0.0,0.00010680593550205231,0.0014512686312078565,-0.7349115449389064,5DwHzMhB...,2653132.5,0.25883307079478973,BUYBACK_GAMING,,False,5048438,0.5950586074136341,,,,,,,
8,6,26,27,70,NexisGen,2026-06-06,8347725,0.004746452,0.0047769027296453714,-0.006374576031534994,IN BAND,False,False,0.002181867,1273.508037603,465887.197409722,1.0,268280.42966349,22436.47533703,0.00035015,4288.610144188569,,-0.03677132018585107,,0.07377089244766406,0.07377089244766406,4.502481575846548,-6.9620134108574145,-0.07755734171700909,-6.068271177080025,0.8161848920603813,0.8937422337773904,5.640850434636047,3.6087393420691574,1,0.0,,1661.2743954199232,0.0,1.5206634998321533e-05,0.002733511555336903,-0.4240937114002411,5HisJVRY...,406966.875,0.0,,,True,7787562,0.5333262124568197,,,,,,,
9,8,29,20,114,SOMA,2026-06-06,8347725,0.011494817,0.011201528599485755,0.026182890835783665,IN BAND,False,False,0.000486971,3247.109448869,937378.121233744,1.0,282566.872742297,103902.181247691,0.001073552,-10279.890090259083,DISTRIBUTING_PRE_EMA,0.5785533006119814,,0.0933944402942648,0.0933944402942648,0.39412277539512963,-7.30910597928541,0.31855850516870127,-6.91498320389028,0.712681280563831,0.39412277539512963,2.803564474644575,,,,,,,0.0008392333984375,0.00346403375043069,-0.698643853970821,5FHrQMjz...,689780.875,0.22511677405394587,BUYBACK_GAMING,,False,7312241,1.0,,,,,,,
10,32,32,32,46,Zipcode,2026-06-06,8347725,0.010080329,0.009539138060063124,0.05673373595489148,IN BAND,False,True,0.0,14002.853019671,3620016.357340446,1.0,1362046.46952738,1230103.124225321,-0.000995141,-62854.27054923191,,0.6758897438686702,,,,,-6.272342429819943,0.6902604541178463,-6.272342429819943,0.6902604541178463,,0.7259635704880458,7.364776807402317,1,0.0,,385.0,0.0,0.0,0.003868173963158171,-0.6162651077005353,5Ft9E2ov...,1405250.25,0.48190077987960933,BUYBACK_GAMING,,False,3919107,1.0,,,,,,,
11,33,33,33,59,Babelbit,2026-06-06,8347725,0.003747235,0.0035631901118904352,0.05165171723377969,IN BAND,False,True,0.0,6823.80885855,3342117.597877791,1.0,1818325.398622815,594308.999683307,-0.001398515,-124281.68315948849,,0.5137808703246456,,,,,2.396662912509365,0.6284292263443195,2.396662912509365,0.6284292263443195,,0.7863278065585579,15.204652632935522,1,0.0,,385.0,0.0,3.0492432415485382e-05,0.0020417620441851134,-0.45512836953510694,5DkPyHKT...,2141349.5,1.1935715549397046,BUYBACK_GAMING,,False,4401833,0.9148673235169046,,,,,,,
12,34,34,34,103,Djinn,2026-06-06,8347725,0.004443394,0.004242995288223028,0.04723048180920768,IN BAND,False,True,0.0,4829.187415365,2561963.243230517,1.0,973341.311254523,430979.8928846,-0.000880084,-32815.719147919444,,0.3780193219644232,,,,,6.891049413779093,0.5746375286786933,6.891049413779093,0.5746375286786933,,1.0257758408298683,6.2065446776400455,1,0.0,,385.00000000046566,0.0,0.0015106473583728075,0.0018849557768344943,-0.5757846869229931,5E6wTZZi...,1422067.875,0.2410913640723727,BUYBACK_GAMING,,False,5515448,0.8061770271673574,,,,,,,
13,7,28,26,110,Green Compute,2026-06-06,8347725,0.007615925,0.0075450767762959,0.00938999374090943,IN BAND,False,False,0.000848276,4932.347487981,2064339.306892024,1.0,646020.218951768,199378.739952395,0.000576015,-24186.5238855558,DISTRIBUTING_PRE_EMA,29.942568586071754,,0.07563296644859292,0.07563296644859292,0.45196923644009634,11.031569638978358,0.1142449238477314,11.483538875418454,0.5662141602878278,0.45196923644009634,1.2730465341749455,,,,,,,0.0,0.0023893104546882458,-0.6862744243557748,5D53sX6A...,710506.2642822266,0.07293288802832627,,,False,5606062,1.0,,,,,,,
14,35,35,35,66,ninja,2026-06-06,8347725,0.008464866,0.00809839554131031,0.04525223012636338,IN BAND,False,True,0.0,11069.26194436,3778361.353937032,1.0,1284273.194626565,1177207.272656105,-0.006252329,-88555.08639916824,,0.2821432659637506,,,,,-8.70509166055229,0.5505687998707545,-8.70509166055229,0.5505687998707545,,0.695539614616701,9.539416655891602,1,0.04502416516835284,,1620.2639891263098,324.17398921214044,3.0487775802612305e-05,0.002929646189829326,-0.6539051900137195,5DRtWRDD...,1913721.375,0.14038318331575872,,,False,4958013,0.3000015289057514,,,,,,,
15,36,36,36,118,Ditto,2026-06-06,8347725,0.018013472,0.017351603135466576,0.03814453681115881,IN BAND,False,True,0.0,8016.848521682,1733293.278606219,1.0,443287.452710403,371220.008734858,0.000653095,4923.703972168616,,-0.27272352703393427,,,0.036255920013643125,,-0.610143019776665,0.46409186453576556,-0.610143019776665,0.46409186453576556,,1.516188882999209,0.40976961108631227,1,0.0,,320.552913420368,0.0,0.0,0.004625211798045241,-0.7432359626148006,5DUJfND9...,1250262.75,,,,False,5724794,1.0,,,,,,,
16,37,37,37,68,NOVA,2026-06-06,8347725,0.021298292,0.02069763606414199,0.029020509105318983,IN BAND,False,True,0.0,41800.027160455,3028205.955263895,1.0,1962269.776383403,1515459.828301767,-0.004736005,-35445.82217210694,,0.3513307361936386,,,,,-1.9671514112231638,0.35308286078138096,-1.9671514112231638,0.35308286078138096,,0.8678405758471541,5.137457117076851,1,0.0,,649.9203985510394,0.0,1.52587890625e-05,0.013803561507365277,-0.35189349890755195,5EcdJLAe...,2561441.0,0.7071777828413603,BUYBACK_GAMING,,False,4972413,0.7220069070916304,,,,,,,
17,38,38,38,65,TAO Private Network,2026-06-06,8347725,0.00361556,0.00351666659116745,0.028121349086925995,IN BAND,False,True,0.0,7265.272700855,3146960.945996507,1.0,2009550.559476796,215068.868970524,-0.001146993,-117880.35008641239,,0.5378892813026526,,,,,-4.22008935482427,0.34214308055759957,-4.22008935482427,0.34214308055759957,,0.8350913929654203,15.09059770253563,1,0.0,,385.0,0.0,6.106426008045673e-05,0.002308663127865542,-0.36146457869167103,5GxEEHxL...,1749662.125,0.20426077182745098,BUYBACK_GAMING,,False,4950813,0.8063969698098663,,,,,,,
18,39,39,39,100,Plaτform,2026-06-06,8347725,0.008558837,0.008333442499861121,0.027046985701603483,IN BAND,False,True,0.0,3492.84000461,1384806.237680067,1.0,408841.716150137,264854.568452066,-0.000397277,-14095.263376185321,,0.4976582158437124,,,,,-10.138314956022759,0.32907165936950905,-10.138314956022759,0.32907165936950905,,1.897738418916011,5.638382748496004,1,0.0,,385.0,0.0,0.0,0.0025222590060407814,-0.7053035352769562,5FX6kmhY...,506494.375,0.04678534647477223,,,False,6693448,1.0,,,,,,,
19,40,40,40,88,Investing,2026-06-06,8347725,0.003588885,0.00350722367875278,0.023283750546603286,IN BAND,False,True,0.0,6429.712817773,2656036.94750225,1.0,1792100.002674043,593545.495036943,-0.001725798,-30955.034821423935,,0.19072858427044267,,,,,-4.69743262003943,0.28328563165034,-4.69743262003943,0.28328563165034,,0.9894440672112578,5.3405622235669465,1,0.0,,442.3804125338793,0.0,0.000640874495729804,0.002420791933568369,-0.32547520091383003,5FhMsGJS...,2232593.25,0.1514195719275431,,,False,5299805,0.5003282770267701,,,,,,,
20,41,41,41,34,BitMind,2026-06-06,8347725,0.01319056,0.012910144869238138,0.021720525493871573,IN BAND,False,True,0.0,35568.631878769,2187468.902203972,1.0,2696272.687380883,603912.993985789,-0.001353626,-52375.45026312908,,0.6244241683510746,,,,,1.5451518190417086,0.2642663935087708,1.5451518190417086,0.2642663935087708,,1.201388507673034,9.921900551638702,1,0.04889949843313338,SKIN_IN_GAME,1648.7520877625793,352.07638871856034,0.00022889534011483192,0.016260177158601903,0.23271317962254084,5DthmKBR...,1947389.0,0.6185458131239401,BUYBACK_GAMING,,False,3493948,0.892582414668681,,,,,,,
21,42,42,42,24,Quasar,2026-06-06,8347725,0.008218806,0.00808399892412126,0.016675790922794243,IN BAND,False,True,0.0,12046.575889424,3675898.358722403,1.0,1460132.485762803,1185506.471482602,-0.008275059,20375.82287474349,ACCUMULATING_PRE_EMA,-0.04710072214637035,,,,,-11.78667850573246,0.20288878956066328,-11.78667850573246,0.20288878956066328,,0.714927275876417,-1.3964996896583821,1,0.0,,658.0690966080874,0.0,1.5228986740112305e-05,0.003277178723083876,-0.6012585376654619,5EjSHN7Z...,2932775.25,,,,False,2538424,1.0,,,,,,,
22,43,43,43,124,Swarm,2026-06-06,8347725,0.007196332,0.007086472120136023,0.015502760471153655,IN BAND,False,True,0.0,9331.492232181,2624027.875993918,1.0,1293223.539009989,197480.062382514,-0.000664317,-17608.432491733925,,0.39653354044884115,,,,,-3.6971785688141634,0.1886169190657028,-3.6971785688141634,0.1886169190657028,,1.0015137506893204,3.442242973930227,1,0.0,,385.07163034006953,0.0,1.5255063772201538e-05,0.003556171151057783,-0.5058355908179635,5HKYqfJr...,1429748.75,0.0,,,False,5813454,0.9529404576539028,,,,,,,
23,44,44,44,30,Endure Network,2026-06-06,8347725,0.004993851,0.004917655605822802,0.015494251790828566,IN BAND,False,True,0.0,10308.609716753,3127287.543214002,1.0,2062754.774124532,350499.786186833,-0.001052909,9966.51791520603,ACCUMULATING_PRE_EMA,-0.12782717580735523,,,,,-4.353839545698593,0.18851339678841422,-4.353839545698593,0.18851339678841422,,0.8403448559447558,-0.3726704692860534,1,0.0,,385.0,0.0,0.0,0.003296342141330103,-0.33991980511030406,5HTogQKF...,324.9078063964844,,,,False,3250216,1.0,,,,,,,
24,45,45,45,54,Yanez MIID,2026-06-06,8347725,0.005307655,0.005231914110481739,0.014476707361559997,IN BAND,False,True,0.0,8934.445669311,3398922.917513263,1.0,1680331.957352371,753917.633305916,-0.002483535,-55260.20814583404,,0.286968927097871,,,,,-1.505870894658411,0.17613327289897995,-1.505870894658411,0.17613327289897995,,0.7731861133004777,6.915092549009182,1,0.0,,385.2868403457105,0.0,0.0015716790221631527,0.002628610852948576,-0.5047509958826306,5FUfruyV...,2916022.0,0.5468554348850084,BUYBACK_GAMING,,False,4742549,0.8550250689203347,,,,,,,
25,9,2,1,9,iota,2026-06-06,8347725,0.036682737,0.036088858963921666,0.016455993709084533,IN BAND,False,False,0.018339193,62534.766738862,3563767.236883009,1.0,1704738.131021616,902748.777729442,0.016666985,1629.6644709259272,,-0.054172037448170174,,0.4543550008277735,0.4543550008277735,0.7706976729482089,12.373746463529326,0.20021459012719514,12.34611651880457,0.17258464540243915,-0.027629944724755995,0.7374218980413932,0.7983276176729649,1,0.0,,1392.7562287645414,0.0,1.5243887901306152e-05,0.017547376857742544,-0.5216448309802362,5Fsbubec...,14923.154296875,0.15898745044788795,,,False,1489797,0.9600054932478009,,,,,,,
26,46,46,46,44,Score,2026-06-06,8347725,0.038087229,0.03763239271938801,0.012086297143090317,IN BAND,False,True,0.0,64202.958155667,3444977.925887706,1.0,1683651.862758279,1878942.471617624,-0.009354009,-17904.58586475742,,0.2087612896687958,,,,,-3.5332668901309505,0.1470499485742655,-3.5332668901309505,0.1470499485742655,,0.7628495904869445,2.646911360766389,1,0.0,,385.0266417665407,0.0,0.0,0.01863668201563965,-0.5106842239523476,5CaCekux...,185479.796875,0.03394233879320709,,,False,3550319,1.0,,,,,,,
27,47,47,47,49,Nepher Robotics,2026-06-06,8347725,0.004373782,0.004323277622461319,0.011681964923161158,IN BAND,False,True,0.0,2227.43612786,1435937.518189657,1.0,498103.704263515,63568.678914898,-4.0668e-05,-11877.684005180083,,0.8072149798530458,,,,,-6.647545786478937,0.1421305732317941,-6.647545786478937,0.1421305732317941,,1.8301631977087855,4.688229153578454,1,0.0,,385.0,0.0,1.5233177691698074e-05,0.0015512068593821662,-0.645339694712227,5FL781vf...,817284.4847412109,0.879860803140372,BUYBACK_GAMING,,False,6783158,0.9944303719330378,,,,,,,
28,48,48,48,117,Unknown,2026-06-06,8347725,0.003451192,0.003411585697904229,0.0116093528355748,IN BAND,False,True,0.0,3177.298141555,1366789.080541833,1.0,921235.868365623,125727.683010349,-0.000383994,-17081.34323212749,,0.34873663108406516,,,,,-8.54231291356672,0.14124712616616006,-8.54231291356672,0.14124712616616006,,1.922754605969041,5.757079650076386,1,0.26405634624023355,SKIN_IN_GAME,3197.2056929296814,1901.2056929296814,0.0,0.002324644077706145,-0.3264228481909598,5D9j5tWv...,1827732.35546875,0.637483301436213,BUYBACK_GAMING,,False,5710859,0.0,,,,,,,
29,49,49,49,23,Trishool,2026-06-06,8347725,0.003871422,0.0038288801442831755,0.011110782817357896,IN BAND,False,True,0.0,6797.97268784,3444444.994491281,1.0,1756391.788195588,428458.754457063,-0.000912648,-32806.928781742696,,0.32231138621838307,,,,,-3.108045168120815,0.13518119094452105,-3.108045168120815,0.13518119094452105,,0.7629676200964086,4.291235645211592,1,0.0,,385.0,0.0,0.00028988905251026154,0.0019736046587220967,-0.4902119534573868,5CqTRwoF...,1004982.375,0.20395646518355764,BUYBACK_GAMING,,False,2063528,0.5061206539640919,,,,,,,
30,50,50,50,32,ItsAI,2026-06-06,8347725,0.003758597,0.003718671388924122,0.010736525737335759,IN BAND,False,True,0.0,7873.6738709,3148018.215296049,1.0,2095762.620492302,285374.165776197,-0.000490534,-20683.251825141022,,0.3516026399377158,,,,,0.9697373235971858,0.13062772980425172,0.9697373235971858,0.13062772980425172,,0.8348109255628481,3.2121020764383448,1,0.0,,429.80720162950456,0.0,0.001388554461300373,0.0025011525767679003,-0.3345515422994536,5DWgkCSv...,73881.234375,0.03798650950337917,,,False,2515294,0.01900861820234001,,,,,,,
31,51,51,51,63,Enigma,2026-06-06,8347725,0.008712797,0.008626034017652273,0.010058270367375673,IN BAND,False,True,0.0,15161.176761872,3371958.461341234,1.0,1755598.143157562,1177210.41866798,-0.001237635,-17420.400328073883,,0.3069689203165589,,,,,0.3918640050262733,0.12237562280307068,0.3918640050262733,0.12237562280307068,,0.7793690314188164,2.720272470492129,1,0.0,,385.05945337191224,0.0,7.629278115928173e-05,0.004496252529706868,-0.4839484347326274,5CqTmNfg...,183429.59375,0.035501037236968035,,,False,4885578,0.0,,,,,,,
32,52,52,52,33,ReadyAI,2026-06-06,8347725,0.007388435,0.007323077414184809,0.008924879817410256,IN BAND,False,True,0.0,17769.153595057,2165352.403936977,1.0,2412750.5323514,873319.374077799,-0.001871478,-16387.826443341095,,0.18591749025612478,,,,,-1.8891309435915764,0.10858603777849145,-1.8891309435915764,0.10858603777849145,,1.2136592617542767,3.984074344055147,1,0.0,,411.2932768333703,0.0,0.0030823051929473877,0.008206125507677029,0.11067167914139181,5HinUfk5...,41916.3984375,0.07883305561415023,,,False,2943950,0.9079178991532303,,,,,,,
33,53,53,53,50,Synth,2026-06-06,8347725,0.00679624,0.006739582400768995,0.008406692857489252,IN BAND,False,True,0.0,12665.503980528,3073438.675903628,1.0,1875906.301770269,1117545.200524889,-0.005446383,-4581.052988086129,,0.03693209999994694,,,,,-1.6496418667186477,0.10228142976611923,-1.6496418667186477,0.10228142976611923,,0.855068305284255,1.3616016974647043,1,0.0,,503.9190119849518,0.0,0.0019226009026169777,0.004120955488660982,-0.39364185363362947,5DxyiWpG...,2163751.5625,6.310536025097677,BUYBACK_GAMING,,False,4763204,0.5108165647531817,,,,,,,
34,54,54,54,86,⚒,2026-06-06,8347725,0.003295974,0.0032708190847188234,0.007690708238404185,IN BAND,False,True,0.0,2074.351109925,1269373.692782023,1.0,629458.102304512,29048.427251345,-0.000429712,1642.7307909664232,ACCUMULATING_PRE_EMA,0.002976832677873249,,,,,-5.6280533990323764,0.09357028356725092,-5.6280533990323764,0.09357028356725092,,2.0703123240567116,1.492823173272286,1,0.0,,385.0,0.0,0.0,0.0016341532219552684,-0.5041971745058461,5ERnAHRQ...,2.2476999220089056e-05,,,,False,6914378,1.0,,,,,,,
35,55,55,55,4,Targon,2026-06-06,8347725,0.053195449,0.05280763562768698,0.007343888202972135,IN BAND,False,True,0.0,129628.957647415,2950838.634421056,1.0,2436892.573528868,2098849.39751548,-0.007508761,-12511.823443774134,,0.24210258678448884,,,,,-1.13383952804788,0.08935063980282765,-1.13383952804788,0.08935063980282765,,0.8905942769437828,2.4060044745892952,1,0.0,,385.0,0.0,4.575401544570923e-05,0.043929531128986225,-0.17418628933865704,5CXGPMnq...,,,,,False,1411451,0.05029603740547384,,,,,,,
36,56,56,56,127,Astrid,2026-06-06,8347725,0.003885608,0.0038580724503844976,0.0071371261088573335,IN BAND,False,True,0.0,3858.130918491,2455360.931000672,1.0,996466.495583441,567385.528259669,-0.001389013,-1631.103266013437,,0.04221786891677865,,,,,-7.092806133668693,0.08683503432443089,-7.092806133668693,0.08683503432443089,,1.0703110759887222,1.2768401845297663,1,0.0,,385.00000000046566,0.0,0.0,0.0015713090771215601,-0.5956079261928737,5FU4uxAd...,493290.0,0.29282847039992566,BUYBACK_GAMING,,False,5848837,1.0,,,,,,,
37,57,57,57,27,Nodexo,2026-06-06,8347725,0.00377947,0.003753034630790353,0.007043731755835197,IN BAND,False,True,0.0,7930.780702394,3229471.941340008,1.0,2096905.368813476,656500.051581896,-0.001610308,2570.786835841369,ACCUMULATING_PRE_EMA,0.007925834153229595,,,,,-3.113002136902509,0.08569873636266155,-3.113002136902509,0.08569873636266155,,0.8137553283431104,0.4750944519834516,1,0.0,,385.0,0.0,0.0,0.0024557515428058727,-0.3502391756500587,5CopvHeT...,16894.40625,,,,False,1727132,1.0,,,,,,,
38,58,58,58,6,Numinous,2026-06-06,8347725,0.003643494,0.003621476935222745,0.006079581665456892,IN BAND,False,True,0.0,9191.337037243,2474705.251012149,1.0,2529360.743766605,631142.57801532,-0.005016135,-33957.07584904833,,0.09330549938073138,,,,,-3.4700988570528204,0.07396824359639219,-3.4700988570528204,0.07396824359639219,,1.0619446493375944,6.1563684940775145,1,0.0,,500.17805488593876,0.0,0.0016021921765059233,0.003714113845874681,0.019382451535443913,5CfSg4e2...,29777.328125,0.03518159622072936,,,False,3219949,0.11804982244044038,,,,,,,
39,59,59,59,39,deprecated,2026-06-06,8347725,0.006473492,0.006440112600103021,0.005183046007059773,IN BAND,False,True,0.0,16816.840129855,2689506.574055512,1.0,2610929.30700616,995981.769234864,-0.011260185,-14042.474644736852,,0.04705966882567007,,,,,-0.9014026909464381,0.06306039308589391,-0.9014026909464381,0.06306039308589391,,0.9771309077104184,2.8813184119952817,1,0.0,,394.19159364514053,0.0,0.0018768683075904846,0.006252760373251982,-0.034097767750082664,5CQKh1G5...,193706.46875,0.08573770283193456,,,False,3280104,0.8772090737563438,,,,,,,
40,60,60,60,14,Cacheon,2026-06-06,8347725,0.012238889,0.012176641495898366,0.0051120421113326755,IN BAND,False,True,0.0,28421.070593471,2794927.378182961,1.0,2323301.887907695,2601604.776873169,-0.001522788,-6557.343994315714,,0.16922281240043469,,,,,-1.793882084790974,0.062196512354547547,-1.793882084790974,0.062196512354547547,,0.9402748781646398,1.753575951748954,1,0.0,,385.0410587089136,0.0,0.0,0.010168804676402044,-0.16913988872666103,5CKhH8nK...,1945729.0,0.10918339078990413,,,False,4848444,1.0,,,,,,,
41,61,61,61,19,blockmachine,2026-06-06,8347725,0.012142151,0.012100393185392022,0.0034509469211619964,IN BAND,False,True,0.0,34896.359281253,2321087.828240196,1.0,2874615.869797358,1617148.846293296,-0.006990408,-7268.043939505704,,0.06182456821284785,,,,,-3.2641376207198904,0.04198652087413762,-3.2641376207198904,0.04198652087413762,,1.132227728751005,2.2275488798757843,1,0.0,,393.2854482224211,0.0,0.00024412455968558788,0.01503448463116139,0.23820603377123123,5FWh37Lf...,1125445.25,0.0,,,False,1956072,0.0,,,,,,,
42,62,62,62,121,sundae_bar,2026-06-06,8347725,0.005685245,0.005665882024914026,0.0034174688072979745,IN BAND,False,True,0.0,6949.862149081,2395232.071751,1.0,1231208.544418441,532202.872742432,-0.001568086,-3778.2493681907654,,0.06911556581371933,,,,,-1.8951027606773305,0.041579203822125356,-1.8951027606773305,0.041579203822125356,,1.0971796975308694,1.6397901841777511,1,0.0,,385.0000000009313,0.0,0.0,0.0029015402019063664,-0.48963673475701286,5CXGaDJs...,504302.0,0.3007816653608859,BUYBACK_GAMING,,False,5766528,1.0,,,,,,,
43,63,63,63,11,TrajectoryRL,2026-06-06,8347725,0.008635074,0.00860762712545693,0.0031886690888243284,IN BAND,False,True,0.0,20523.828861929,2773107.328976628,1.0,2380560.904403565,869041.377322458,-0.008539041,-22967.062296037097,,0.0902996084226836,,,,,-5.326388914780021,0.03879547391402933,-5.326388914780021,0.03879547391402933,,0.9476733816032366,3.966686150465675,1,0.0,,525.7156160799786,0.0,1.52587890625e-05,0.0074010221845625425,-0.14291155066389208,5D2Jhtbn...,1129913.78125,0.6908821229456009,BUYBACK_GAMING,,False,2918568,0.7540360708972305,,,,,,,
44,64,64,64,92,TensorClaw,2026-06-06,8347725,0.002461176,0.0024535974953323603,0.00308873182421185,IN BAND,False,True,0.0,1486.061578981,990958.857693685,1.0,603925.920327658,34387.722518258,-0.000955142,-8944.09815652587,,0.09343277830560733,,,,,-17.63850848044576,0.03757957052791084,-17.63850848044576,0.03757957052791084,,2.6519769005509413,5.901255042263634,1,0.0,,385.0,0.0,0.0,0.0014996198554999506,-0.3906897127633494,5DPhE2hh...,237058.09790039062,0.08527937995572833,,,False,7013758,0.0,,,,,,,
45,65,65,65,56,Gradients,2026-06-06,8347725,0.019638696,0.019588074181228876,0.002584318310354117,IN BAND,False,True,0.0,55278.376638609,2379629.346864865,1.0,2819055.666943334,2804944.343297428,-0.009931434,-7618.502299437299,,0.039604269652946986,,,,,-2.430792787042985,0.031442539442641755,-2.430792787042985,0.031442539442641755,,1.1043736720856803,2.2330009096661034,1,0.0,,385.0,0.0,0.00015260721556842327,0.023229826406132383,0.1828599213579345,5EJ1zbdw...,250431.5625,0.04083378115219483,,,False,4312927,0.7785120155315371,,,,,,,
46,66,66,66,115,HashiChain,2026-06-06,8347725,0.006487591,0.0064725789707154036,0.0023193273272550286,IN BAND,False,True,0.0,5595.28214245,1485130.102608691,1.0,864145.993806845,136399.234020515,-0.000664318,-692.8954857561039,,0.062351974752079826,,,,,-0.43398182043696143,0.028218482481602847,-0.43398182043696143,0.028218482481602847,,1.7695419380321036,1.8558240089804456,1,0.0,,385.0,0.0,0.0,0.0037675366842417784,-0.4192703140130476,5EkNnrTj...,190947.765625,1.0446894446289277,BUYBACK_GAMING,,False,5683635,1.0,,,,,,,
47,67,67,67,75,Hippius,2026-06-06,8347725,0.019278833,0.019238140434026718,0.0021152026679931678,IN BAND,False,True,0.0,34169.30837556,3030678.785781176,1.0,1771137.494515901,1353968.557778158,-0.012207665,-3939.1853578903247,,0.042968881680645485,,,,,-5.4338292537248805,0.025734965793916872,-5.4338292537248805,0.025734965793916872,,0.867132476173194,1.304330403890584,1,0.0,,385.0,0.0,0.0014953904319554567,0.011274473736995739,-0.41518899318253655,5DAQpczE...,2103938.8359375,0.5936771856016084,BUYBACK_GAMING,,False,5102795,0.9784372754167456,,,,,,,
48,68,68,68,55,NIOME,2026-06-06,8347725,0.005076082,0.005066401325166225,0.0019107595732079001,IN BAND,False,True,0.0,8822.959997767,2972861.466430032,1.0,1736659.515703515,469974.046282665,-0.001168391,-43438.568361141486,,0.3840452575231512,,,,,-0.015691296833406636,0.023247574807362784,-0.015691296833406636,0.023247574807362784,,0.883996792207018,6.296047516782984,1,0.0,,385.4207619782537,0.0,7.630325853824615e-05,0.0029678342221449265,-0.41532973223345754,5GeWUxaF...,282806.25,0.01880483263678561,,,False,4703386,0.02575919446610153,,,,,,,
49,69,69,69,105,Beam,2026-06-06,8347725,0.009516527,0.009498769417405128,0.0018694613812115098,IN BAND,False,True,0.0,4477.851885403,1524715.227013326,1.0,469908.33237055,349213.153215421,0.000447576,10400.939210951678,,-0.39346188402792176,,,0.047031443298589916,,6.865042605226402,0.022745113471406703,6.865042605226402,0.022745113471406703,,1.723600547459497,-0.9081272938803026,1,0.0,,556.2716225669719,0.0,0.0005645705386996269,0.002936844734065126,-0.6913953237283805,5G3ic2pA...,1016731.0,,,,False,6841399,0.04655103886445311,,,,,,,
50,70,70,70,61,RedTeam,2026-06-06,8347725,0.003738641,0.003731692675501108,0.0018619766157347863,IN BAND,False,True,0.0,7509.948202036,3244154.797349683,1.0,2010419.345705739,383110.662951443,-0.001556882,-19790.957652129466,,0.15156248041552056,,,,,-2.6997045919714475,0.022654048824773232,-2.6997045919714475,0.022654048824773232,,0.8100723190357465,3.039017538415158,1,0.0,,385.2720283167437,0.0,4.576798528432846e-05,0.002314916725974748,-0.38081331532641194,5ECEsYL8...,,,,,False,4457976,0.8536898026969041,,,,,,,
51,71,71,71,93,Bitcast,2026-06-06,8347725,0.011914896,0.011893721297383308,0.0017803261138588835,IN BAND,False,True,0.0,17831.808424592,2791118.07392981,1.0,1499000.483830939,844188.365028467,-0.005462897,3119.28616705467,ACCUMULATING_PRE_EMA,0.0034706799055731438,,,,,-3.611558476943717,0.02166063438528308,-3.611558476943717,0.02166063438528308,,0.9415581607050595,0.4778253116187374,1,0.0,,385.0,0.0,4.575611092150211e-05,0.006388768927817286,-0.4637998579410776,5EbY1Seb...,1664018.0,,,,False,5370681,0.9994353903556121,,,,,,,
52,72,72,72,125,8 Ball,2026-06-06,8347725,0.004926465,0.004918271908536553,0.0016658476017207759,IN BAND,False,True,0.0,7219.837750132,2178438.36320955,1.0,1474452.005319771,208403.095858061,-0.0008719,-1201.5071931746788,,0.05209817997197284,,,,,-2.6479963752501376,0.020267812487602774,-2.6479963752501376,0.020267812487602774,,1.2063687659852351,1.35774695699277,1,0.0,,385.00000000046566,0.0,0.0,0.003314226315540471,-0.32726076090249884,5DTzv2rL...,365930.6875,0.6605436715138345,BUYBACK_GAMING,,False,5834408,1.0,,,,,,,
53,73,73,73,17,404—GEN,2026-06-06,8347725,0.010248096,0.010234371293336153,0.0013410405261321133,IN BAND,False,True,0.0,26444.378011371,2570151.939219076,1.0,2580165.140031349,598178.703443737,-0.009436577,140.70153692178428,ACCUMULATING_PRE_EMA,0.022679977815902003,,,,,-2.27267316784933,0.01631599306794071,-2.27267316784933,0.01631599306794071,,1.0225076424075148,0.9503168592657472,1,0.0,,385.1787122329697,0.0,1.5228986740112305e-05,0.010289032958653003,0.003994591644438397,5E7a4a7Q...,941193.625,,,,False,2840556,1.0,,,,,,,
54,74,74,74,22,Desearch,2026-06-06,8347725,0.004179723,0.00417492282576859,0.0011497635840792104,IN BAND,False,True,0.0,8756.866204533,3189375.700377623,1.0,2095412.879398183,249779.494023319,-0.001745908,4593.739218348172,ACCUMULATING_PRE_EMA,-0.009213459894368033,,,,,-3.3186975960388665,0.013988790272963725,-3.3186975960388665,0.013988790272963725,,0.8239857097076534,0.25291679016342256,1,0.0,,385.6475869724527,0.0,0.0003051823005080223,0.0027456364590399884,-0.34310564144083505,5DFuaMas...,1615916.75,,,,False,2009702,0.8225597181602985,,,,,,,
55,75,75,75,90,ogham,2026-06-06,8347725,0.003561542,0.003557570045813918,0.0011164795450072915,IN BAND,False,True,0.0,2060.727518805,1118009.970665512,1.0,578731.967433382,35748.827940009,-0.000412849,6433.268412632984,ACCUMULATING_PRE_EMA,-0.15121256145066805,,,,,-10.844773282603436,0.01358383446425538,-10.844773282603436,0.01358383446425538,,2.3506051546531777,0.12318459623754317,1,0.0,,385.0,0.0,0.0,0.0018432103226935636,-0.48246845813033695,5CqrdkU4...,12909.64453125,,,,False,7063126,1.0,,,,,,,
56,76,76,76,85,Vidaio,2026-06-06,8347725,0.007362063,0.007355765905231237,0.0008560760157259136,IN BAND,False,True,0.0,14663.608361637,2406131.532871818,1.0,1996637.979917945,1265373.680452321,-0.009466006,12097.377266182564,ACCUMULATING_PRE_EMA,-0.007448043981156436,,,,,-8.61661958071896,0.010415591524665282,-8.61661958071896,0.010415591524665282,,1.0922096170126545,-0.8443167969562392,1,0.0,,385.2652441766113,0.0,0.0009307905565947294,0.006094267150946388,-0.17220660147211622,5GTPBjA4...,2864525.75,,,,False,5258781,0.8048843821435611,,,,,,,
57,77,77,77,79,MVTRX,2026-06-06,8347725,0.012468688,0.012463048798963428,0.00045247363847615026,IN BAND,False,True,0.0,13107.283701125,3349799.319723833,1.0,1046033.682112561,383697.429134625,-0.000192265,-13281.125996901887,,0.7412858134765782,,,,,-2.3511277360543477,0.005505095934793161,-2.3511277360543477,0.005505095934793161,,0.7845246085418215,2.1957093075045453,1,0.0,,492.65882512088865,0.0,0.001709031406790018,0.003912856398276898,-0.6861853951051707,5Fxp7QBG...,3580874.25,0.2831384661301992,BUYBACK_GAMING,,False,5173967,0.7996881777307898,,,,,,,
58,78,78,78,41,Almanac,2026-06-06,8347725,0.005740057,0.005737934028729796,0.00036998879031611135,IN BAND,False,True,0.0,12915.133514421,2641661.429868011,1.0,2285110.655238725,1532212.992273334,-0.001354308,2808.005516072735,ACCUMULATING_PRE_EMA,-0.011331958812156885,,,,,-1.4555158219819997,0.004501530282179355,-1.4555158219819997,0.004501530282179355,,0.9948284705551032,0.5355948542723648,1,0.0,,385.0,0.0,0.00019838218577206135,0.004889019224188127,-0.14826294857557562,5FCSevLk...,3008.7265625,,,,False,3394182,0.6634260206072891,,,,,,,
59,79,79,79,2,DSperse,2026-06-06,8347725,0.005179017,0.005177230341359973,0.00034509931415527663,IN BAND,False,True,0.0,9923.852513034,3068472.345830925,1.0,1919262.92741636,677728.878732501,-0.00342798,-7080.620618129615,,0.056035159315648966,,,,,-0.5914703417861764,0.004198708322222532,-0.5914703417861764,0.004198708322222532,,0.8564522354488916,1.6743259144406577,1,0.0,,385.0,0.0,4.576868377625942e-05,0.0032341345772652474,-0.37553119109953736,5EcYQ3W7...,2516640.25,1.9048191990404042,BUYBACK_GAMING,,False,2734060,0.8510651295370978,,,,,,,
60,80,80,80,29,Coldint,2026-06-06,8347725,0.003337883,0.0033380768727511168,-5.807917507817837e-05,IN BAND,False,True,0.0,9118.463010508,2506264.990463363,1.0,2728337.042335572,193881.460548026,-0.015989589,-26231.751607411075,,0.03841073534061882,,,,,-7.706117313501633,-0.0007066299634511701,-7.706117313501633,-0.0007066299634511701,,1.0485722818615961,4.893457117553666,1,0.0,,385.0,0.0,0.0,0.003638267719177676,0.08999258487420803,5HHHHHzg...,4066.84033203125,0.048863708557166964,,,False,3379782,1.0,,,,,,,
61,81,81,81,53,EfficientFrontier,2026-06-06,8347725,0.005178528,0.005178870400413871,-6.61148836324419e-05,IN BAND,False,True,0.0,13887.86311112,2509080.97787684,1.0,2680751.073831311,472387.430676741,-0.001007682,-415.5837444383651,,0.03436558496814701,,,,,-0.2982015183526115,-0.0008043977508613764,-0.2982015183526115,-0.0008043977508613764,,1.0473954500359681,1.0547635691694925,1,0.0,,385.0,0.0,0.0,0.0055350398148057275,0.06884423813209614,5Fv2Qm2w...,33214.015625,3.182064575891373,BUYBACK_GAMING,,False,4203869,1.0,,,,,,,
62,82,82,82,52,Dojo,2026-06-06,8347725,0.006989681,0.006994327530264854,-0.000664328378210548,IN BAND,False,True,0.0,18834.766977014,2516669.280482687,1.0,2694597.014194067,752568.100539727,-0.001297711,134.9884891025722,ACCUMULATING_PRE_EMA,0.02601962354555278,,,,,-1.291529881279496,-0.008082661934895,-1.291529881279496,-0.008082661934895,,1.0442373260486417,0.9714197007636228,1,0.0,,385.0,0.0,0.0,0.0074840055954438186,0.07072205375950896,5Fv1ZvNP...,33801.60546875,,,,False,3989825,1.0,,,,,,,
63,83,83,83,3,deprecated,2026-06-06,8347725,0.022594616,0.022610604530200362,-0.0007071252862348449,IN BAND,False,True,0.0,68658.812824731,2177385.83426603,1.0,3042670.820474961,3068867.17094213,-0.050954059,1930.16456339648,ACCUMULATING_PRE_EMA,0.01950438172543318,,,,,-3.4633569960430552,-0.008603357649190613,-3.4633569960430552,-0.008603357649190613,,1.2069519139155538,0.7617706961687992,1,0.0,,727.0899953525513,0.0,7.627904415130615e-05,0.031532680953568815,0.39558383968857064,5FUJoAsY...,,,,,False,4165565,0.0,,,,,,,
64,84,84,84,8,Vanta,2026-06-06,8347725,0.03037327,0.03039672877639532,-0.0007717533214803384,IN BAND,False,True,0.0,81022.104586403,2574381.702467411,1.0,2667691.08980296,1322165.633328441,-0.013549044,3288.7262524617836,ACCUMULATING_PRE_EMA,0.0011418012799852587,,,,,-0.6833784452602266,-0.009389665411344117,-0.6833784452602266,-0.009389665411344117,,1.0208276408588512,0.5005849177701768,1,0.0,,385.0000000009313,0.0,0.000350958202034235,0.03147245201002925,0.03618912320040787,5F6tnxzA...,12942.58203125,,,,False,1477264,0.6129106034640628,,,,,,,
65,85,85,85,51,lium.io,2026-06-06,8347725,0.047486378,0.04752500355243683,-0.0008127417054100441,IN BAND,False,True,0.0,110399.279796126,2774180.258332577,1.0,2325362.468581566,1668903.877290015,-0.022574423,1570.262419349514,ACCUMULATING_PRE_EMA,0.014065312865490284,,,,,-3.980941241509848,-0.009888357415822203,-3.980941241509848,-0.009888357415822203,,0.9473068637506494,0.5314387613939627,1,0.04122719431554692,MINER_BURN_ONLY,1593.4663875009865,296.8357990719378,0.0002136139664798975,0.03979527987214557,-0.16196430327565592,5FqACMtc...,,,,,False,3966206,0.5125532321751018,,,,,,,
66,86,86,86,73,Parked,2026-06-06,8347725,0.003756144,0.0037592779844999313,-0.0008336666011008858,IN BAND,False,True,0.0,7519.841474014,2938053.03800332,1.0,2009178.127076008,568082.335875031,-0.001233615,4463.092454542173,ACCUMULATING_PRE_EMA,-0.018588855439096004,,,,,-3.8203426835615266,-0.010142943646727444,-3.8203426835615266,-0.010142943646727444,,0.8944698975842759,0.28346976936050017,1,0.0,,385.0,0.0,0.0,0.0025594641678505677,-0.3185926397255889,5Fvs6HPW...,1342870.5,,,,False,5160047,1.0,,,,,,,
67,87,87,87,5,Hone,2026-06-06,8347725,0.017393555,0.017409173538908362,-0.0008971441908746824,IN BAND,False,True,0.0,38347.051242035,2809310.769289886,1.0,2204657.75487546,932506.616547963,-0.009641557,119.90980355674401,ACCUMULATING_PRE_EMA,0.023134993202056767,,,,,-3.3636210631812946,-0.010915254322308636,-3.3636210631812946,-0.010915254322308636,,0.9354607645149503,0.8719414062911204,1,0.0,,384.9999999990687,0.0,0.0,0.013649985491540348,-0.215227393621353,5GurNtB3...,,,,,False,2491604,1.0,,,,,,,
68,88,88,88,13,Data Universe,2026-06-06,8347725,0.007176469,0.007183660753071308,-0.001001126489475849,IN BAND,False,True,0.0,22382.932031122,2164751.2755746,1.0,3119051.992819049,957265.56366616,-0.003544516,257.63460664544255,ACCUMULATING_PRE_EMA,0.022678876255353534,,,,,-0.6386293468869434,-0.012180372288622829,-0.6386293468869434,-0.012180372288622829,,1.2139962819989276,1.1025979451299732,1,0.0,,423.06862185616046,0.0,0.005722155328840017,0.010339724606551299,0.4407816164957025,5HBswBt1...,14306.828125,,,,False,1907637,0.7007673353408426,,,,,,,
69,89,89,89,104,for sale (burn to uid1),2026-06-06,8347725,0.004129456,0.004133784212172031,-0.0010470338919208154,IN BAND,False,True,0.0,6036.10458181,2651531.200291776,1.0,1394759.985926056,64274.612582983,-0.002294314,-448.1878622111399,,0.029281313768737383,,,,,-14.176614559995407,-0.012738912351703253,-14.176614559995407,-0.012738912351703253,,0.9911254296049065,1.0051118493179767,1,0.0,,385.0,0.0,0.0,0.0022764599493099624,-0.44872643047656585,5HBb3F1b...,222823.703125,0.3827330751827758,BUYBACK_JUSTIFIED,,False,5528520,0.0,,,,,,,
70,90,90,90,20,GroundLayer,2026-06-06,8347725,0.003633708,0.0036392840556800365,-0.0015321847909436645,IN BAND,False,True,0.0,8063.780079713,2945331.526430758,1.0,2220748.545247348,262469.882719527,-0.001049844,17929.88816911215,ACCUMULATING_PRE_EMA,-0.2120824477081889,,,,,-2.9960076393639214,-0.018641581623147916,-2.9960076393639214,-0.018641581623147916,,0.8922594880803418,-1.38297517762321,1,0.0,,385.0,0.0,0.0,0.002737817460394665,-0.2465499538227438,5Fuzgvtf...,1491479.9912109375,,,,False,1970929,1.0,,,,,,,
71,91,91,91,18,Zeus,2026-06-06,8347725,0.00742398,0.0074402999598532915,-0.0021934545571215313,IN BAND,False,True,0.0,13219.234227096,3137334.640365462,1.0,1781754.715499614,777431.033989381,0.001029958,-22202.55819627084,DISTRIBUTING_PRE_EMA,1.0163665159876978,,,0.13873394055479676,,1.1016273353128472,-0.02668703044497863,1.1016273353128472,-0.02668703044497863,,0.8376537096769089,3.454229398213307,1,0.0,,345.62570499815047,0.0,0.00018311920575797558,0.004213523816367934,-0.43244407765539056,5DHwWLjt...,2085347.625,0.18228594324442177,,,False,1604679,0.7490957316595801,,,,,,,
72,92,92,92,48,Quantum Compute,2026-06-06,8347725,0.005336946,0.005349124316126108,-0.0022766934186579974,IN BAND,False,True,0.0,11674.405229376,2821984.710449981,1.0,2199549.204504368,665191.92809839,-0.001112609,-10801.657647183165,,0.1652212340910506,,,,,0.48893725634814456,-0.027699769927005635,0.48893725634814456,-0.027699769927005635,,0.9312594750312985,2.3231819040639023,1,0.0,,385.0,0.0,4.5808032155036926e-05,0.00413694843425089,-0.22484723768033443,5GNH5YMk...,123171.921875,0.08717202671426316,,,False,3856677,1.0,,,,,,,
73,93,93,93,81,deprecated,2026-06-06,8347725,0.00766118,0.007680811919271946,-0.0025559692749001417,IN BAND,False,True,0.0,19328.30831454,2090688.500308445,1.0,2524763.480039707,808672.574121223,-0.01305172,-5543.107272092719,,0.03228545018265159,,,,,-2.1751393328697617,-0.031097626177951723,-2.1751393328697617,-0.031097626177951723,,1.2570021787618213,2.1734242939611033,1,0.0,,385.3123725717887,0.0,0.00018310872837901115,0.009244948882479835,0.2067264941536206,5DUELqJM...,45582.51953125,0.18544089287245819,,,False,5203057,0.21712986587418648,,,,,,,
74,94,94,94,12,Compute Horde,2026-06-06,8347725,0.005836977,0.005852604517713189,-0.0026701817397522,IN BAND,False,True,0.0,13990.082639394,3072062.816372014,1.0,2396699.752219607,420085.770244037,-0.002217596,7641.883661012631,ACCUMULATING_PRE_EMA,-0.04103153191427437,,,,,-3.088740707332705,-0.032487211166985094,-3.088740707332705,-0.032487211166985094,,0.8554512577003764,-0.09620531384118626,1,0.0,,385.0,0.0,9.15259588509798e-05,0.004553970239422298,-0.21980671854244108,5ELzhHvg...,1527734.375,,,,False,2256433,0.0,,,,,,,
75,95,95,95,98,ForeverMoney,2026-06-06,8347725,0.003713483,0.0037258295342326164,-0.00331376787885152,IN BAND,False,True,0.0,5955.217834901,2506450.09365224,1.0,1604787.282780017,183297.718533246,-0.000803853,12127.925733857555,ACCUMULATING_PRE_EMA,-0.18190559787570965,,,,,-2.1446611293999673,-0.04031750919269349,-2.1446611293999673,-0.04031750919269349,,1.0484948440248596,-0.7863268647535184,1,0.0,,385.0,0.0,0.0,0.0023759570756996143,-0.3601809741152405,5Dd9Q6yu...,1024772.75,,,ENTRY_PRE_EMA_PATTERN,False,5445992,1.0,,,,,,,
76,96,96,96,1,Apex,2026-06-06,8347725,0.009341692,0.009372944943606853,-0.0033343782338303668,IN BAND,False,True,0.0,27159.340255491,2227690.806332216,1.0,2907286.187694648,794707.737371424,-0.005130328,15685.010518164374,ACCUMULATING_PRE_EMA,-0.07288075159588651,,,,,-2.3744093557718786,-0.04056826851160279,-2.3744093557718786,-0.04056826851160279,,1.1796969276570626,-1.445401989293902,1,0.0,,385.0534519236535,0.0,3.0510127544403076e-05,0.012191701010881094,0.30508488300418096,5HCFWvRq...,14361.087890625,,,,False,1497824,0.8979750663630423,,,,,,,
77,97,97,97,7,Allways,2026-06-06,8347725,0.00383077,0.0038455724716186523,-0.0038492244595307165,IN BAND,False,True,0.0,6925.677382845,2921044.515545399,1.0,1805751.612237714,302935.832038121,-0.000896664,4024.0008943025023,ACCUMULATING_PRE_EMA,-0.028717361550101947,,,,,-2.2269611679589114,-0.04683223092429038,-2.2269611679589114,-0.04683223092429038,,0.8996781753972403,0.31091179389921625,1,0.0,,658.4846176905558,0.0,4.576006904244423e-05,0.0023709592051704424,-0.3810750305629306,5CAc19iE...,5298.27978515625,,,,False,2627691,0.33295184692602864,,,,,,,
78,98,98,98,108,TalkHead,2026-06-06,8347725,0.003658621,0.0036731299478560686,-0.0039500230217929715,IN BAND,False,True,0.0,2097.924672147,1101614.543175672,1.0,573447.984229421,26795.956253748,-0.000113083,8175.245819885749,ACCUMULATING_PRE_EMA,-2.887750541479011,,,,,-3.8881569321641796,-0.04805861343181449,-3.8881569321641796,-0.04805861343181449,,2.3855894208006285,-0.45018102440136676,1,0.0,,385.0,0.0,0.0,0.0019044090196006504,-0.4794735449228957,5HDuqw9f...,988897.5,,,,False,7105263,1.0,,,,,,,
79,99,99,99,42,Unknown,2026-06-06,8347725,0.003307595,0.0033213836140930653,-0.004151466887040205,IN BAND,False,True,0.0,8502.495053329,2355488.729772086,1.0,2571284.715209673,355098.927386068,-0.001363257,7413.463395494502,ACCUMULATING_PRE_EMA,-0.03358871227600653,,,,,-3.224898659937957,-0.050509513792322484,-3.224898659937957,-0.050509513792322484,,1.115692028912523,-0.09466098286475019,1,0.0,,385.0,0.0,0.0,0.003609652190588783,0.09132230233410776,5EC5HHfL...,100767.4765625,,,,False,3613591,1.0,,,,,,,
80,100,100,100,72,StreetVision by NATIX,2026-06-06,8347725,0.00325093,0.0032645626924932003,-0.004175962840152665,IN BAND,False,True,0.0,7646.027134246,2303586.371497019,1.0,2352412.666416434,214166.299267038,-0.001073877,3833.7494228952564,ACCUMULATING_PRE_EMA,-0.010793384851422737,,,,,-2.5835715814355793,-0.050807547888524096,-2.5835715814355793,-0.050807547888524096,,1.1408298089088607,0.4732380701868634,1,0.0,,385.0,0.0,0.0,0.0033191840466034353,0.020995237240861945,5HTYVBxr...,1842981.875,,,,False,5064327,1.0,,,,,,,
81,101,101,101,60,Bitsec.ai,2026-06-06,8347725,0.003522805,0.00353820133022964,-0.004351456797581609,IN BAND,False,True,0.0,6310.873984266,3074341.792756033,1.0,1802273.272138816,724780.029798811,-0.0026519,12495.692459701793,ACCUMULATING_PRE_EMA,-0.032713565001684194,,,,,-2.131131364616104,-0.05294272437057625,-2.131131364616104,-0.05294272437057625,,0.8548171209174812,-0.7280983832971804,1,0.0,,384.9999999990687,0.0,1.5228986740112305e-05,0.0020527561376344353,-0.41729498577569996,5CXLwkK1...,3626.871826171875,,,,False,4796992,1.0,,,,,,,
82,102,102,102,37,Aurelius,2026-06-06,8347725,0.00357079,0.003587080165743828,-0.0045413442106471405,IN BAND,False,True,0.0,8236.912091476,2985369.874478308,1.0,2308797.194557507,324881.737039601,-0.001465985,3065.4653521082364,ACCUMULATING_PRE_EMA,0.0010575542558723566,,,,,-4.822843628022846,-0.055253021229540206,-4.822843628022846,-0.055253021229540206,,0.8802929320304881,0.45667613721468353,1,0.0,,385.0,0.0,0.0,0.0027590926544455055,-0.22731590083832834,5GRBbS3a...,1698244.869140625,,,,False,3212175,1.0,,,,,,,
83,103,103,103,25,Mainframe,2026-06-06,8347725,0.003987809,0.004008378367871046,-0.00513159337349953,IN BAND,False,True,0.0,10208.157823645,2660281.717185366,1.0,2560432.041583289,430739.332825891,-0.002784925,3768.102681678254,ACCUMULATING_PRE_EMA,0.006533865621971137,,,,,-6.165757496061516,-0.06243438604424428,-6.165757496061516,-0.06243438604424428,,0.9878653012660927,0.4176565396830267,1,0.0,,385.0,0.0,0.0,0.0038372469192644175,-0.037755589782655745,5F6aRdsB...,23651.41796875,,,,False,2998801,1.0,,,,,,,
84,104,104,104,40,Chunking,2026-06-06,8347725,0.003181688,0.0031981002539396286,-0.00513187600026332,IN BAND,False,True,0.0,6859.70983772,3156493.703435586,1.0,2156405.80421178,178311.08782424,-0.000714425,10187.988179841544,ACCUMULATING_PRE_EMA,-0.13625519678602432,,,,,-2.3872521851374686,-0.06243782466987039,-2.3872521851374686,-0.06243782466987039,,0.8325693782121715,-0.388373591164288,1,0.0,,385.0,0.0,0.0,0.002173205614271863,-0.31696457532232475,5F9Qvcz2...,,,,,False,3372582,1.0,,,,,,,
85,105,105,105,28,gm,2026-06-06,8347725,0.013186001,0.013256920734420419,-0.005349638565483964,IN BAND,False,True,0.0,16318.361537556,4025347.734279311,1.0,1225597.062920006,6195506.54937522,-0.000140116,15408.924389318796,ACCUMULATING_PRE_EMA,-1.2761739007030692,,,,,-5.10822594630278,-0.06508726921338823,-5.10822594630278,-0.06508726921338823,,0.6528628514799631,-0.7926380388992625,1,0.0,,385.0000000009313,0.0,0.0,0.004053901082530353,-0.6925602324366309,5CA6rwAy...,,,,,False,4878363,1.0,,,,,,,
86,106,106,106,16,BitAds,2026-06-06,8347725,0.003187504,0.003205284709110856,-0.005547310371623292,IN BAND,False,True,0.0,7027.756067957,2887193.475778595,1.0,2206946.772281398,332575.518774096,-0.004307409,9070.953193518799,ACCUMULATING_PRE_EMA,0.00105867985289331,,,,,-10.626173661675983,-0.06749227618808339,-10.626173661675983,-0.06749227618808339,,0.9102264957464626,-0.2915507845200422,1,0.0,,385.0,0.0,0.00015257671475410461,0.0024341133100066357,-0.23635756692175577,5CqRkhQU...,,,,,False,2765446,0.9680122095199872,,,,,,,
87,107,107,107,89,InfiniteHash,2026-06-06,8347725,0.003568614,0.0035895812325179577,-0.0058411360991126125,IN BAND,False,True,0.0,6401.860713267,2241105.224778287,1.0,1854955.306711533,163552.009333564,-0.000529145,7078.28098827065,ACCUMULATING_PRE_EMA,-0.15899508273920993,,,,,-3.311606755781838,-0.07106715587253679,-3.311606755781838,-0.07106715587253679,,1.1726357026631753,-0.14229911421141525,1,0.0,,385.0,0.0,1.5234341844916344e-05,0.0028565640927905728,-0.1995312205829566,5Dc5NmEU...,647569.3125,,,,False,5313364,0.9983977782924267,,,,,,,
88,108,108,108,120,Affine,2026-06-06,8347725,0.0575355,0.05790307745337486,-0.0063481505567790026,IN BAND,False,True,0.0,78231.610447162,2076977.199262276,1.0,1356081.439761946,1160479.697014395,-0.017455515,1762.0040002630558,ACCUMULATING_PRE_EMA,0.008778144858810804,,,,,-3.739398236968694,-0.07723583177414453,-3.739398236968694,-0.07723583177414453,,1.2653003609926206,0.7926328843847414,1,0.0,,914.4472871078178,0.0,7.627904415130615e-05,0.03766609015975196,-0.3453417427544393,5Fc3ZZQA...,1939043.0,,,,False,5749344,0.0,,,,,,,
89,109,109,109,58,Pending,2026-06-06,8347725,0.003220247,0.003245254745706916,-0.007705942265394804,IN BAND,False,True,0.0,6741.02205941,3106102.261949292,1.0,2098904.926120781,385979.485145264,-0.003603702,9834.518628011923,ACCUMULATING_PRE_EMA,-0.005778120507429658,,,,,-3.117828767830637,-0.09375563089563678,-3.117828767830637,-0.09375563089563678,,0.8460764580077766,-0.366516230501202,1,0.0,,385.0,0.0,0.0,0.002170251167190982,-0.32606065087833874,5CigXk8X...,21054.248046875,,,,False,4367003,1.0,,,,,,,
90,110,110,110,87,unknown,2026-06-06,8347725,0.003588228,0.0036164801567792892,-0.007812059116743354,IN BAND,False,True,0.0,1431.325805647,1026788.02260122,1.0,399035.183650654,28567.131474523,0.000122659,-8285.35069173749,DISTRIBUTING_PRE_EMA,5.259389671361502,,,0.03418372522593325,,-4.4378401733242745,-0.0950467192537108,-4.4378401733242745,-0.0950467192537108,,2.5594377243925575,5.465513873623746,1,0.0,,347.1091446902137,0.0,0.0,0.0013939837377737827,-0.6115119391037073,5HdgsLyv...,669946.0625,0.9077750062564525,BUYBACK_GAMING,,False,7208725,1.0,,,,,,,
91,111,111,111,10,Swap,2026-06-06,8347725,0.00542692,0.005474812118336558,-0.008747719063482613,IN BAND,False,True,0.0,15156.074338938,2403701.062714141,1.0,2794468.392171747,824534.938861357,-0.00168299,16059.932845511474,ACCUMULATING_PRE_EMA,-0.16714552511805028,,,,,-0.38430835966235705,-0.10643058193903845,-0.38430835966235705,-0.10643058193903845,,1.0933139901484221,-1.4006545320538175,1,0.0,,385.0,0.0,0.0,0.006305307500186611,0.16185746246243013,5GbcimKj...,33544.42578125,,,,False,2869647,1.0,,,,,,,
92,112,112,112,35,OxMarkets,2026-06-06,8347725,0.004418954,0.004458548966795206,-0.008880684520925363,IN BAND,False,True,0.0,9417.232192316,3044389.930249974,1.0,2147311.729341945,746496.18308422,-0.003789201,-531.0272498489358,,0.024769138115631726,,,,,-4.230671591801935,-0.10804832833792526,-4.230671591801935,-0.10804832833792526,,0.8632271358827598,0.8846435374774008,1,0.0,,385.0,0.0,1.5228986740112305e-05,0.0030933068391612874,-0.29999116551987476,5EqZVDbW...,10198.3203125,0.0,,,False,3037158,0.35314492753320836,,,,,,,
93,113,113,113,43,Graphite,2026-06-06,8347725,0.005738645,0.005790238501504064,-0.008910427694932095,IN BAND,False,True,0.0,14806.140152661,2682797.403078319,1.0,2578865.544050212,154816.163390686,-0.000771101,24087.706998161506,ACCUMULATING_PRE_EMA,-1.237773663315766,,,,,0.3870187391432919,-0.10841020362167382,0.3870187391432919,-0.10841020362167382,,0.9795745280596131,-2.330475262152073,1,0.0,,419.7236374169588,0.0,0.00010680058039724827,0.005518918475048473,-0.03828892098248396,5HjMs5JD...,2432393.5,,,,False,3408582,0.0,,,,,,,
94,114,114,114,119,Satori,2026-06-06,8347725,0.005194196,0.00524365808814764,-0.009432744720606522,IN BAND,False,True,0.0,4652.962308419,1276326.670400635,1.0,896291.17699805,62137.598513081,-0.001003991,26079.805209045066,ACCUMULATING_PRE_EMA,-0.7040769217713057,,,,,-2.817920187629634,-0.11476506076737934,-2.817920187629634,-0.11476506076737934,,2.0590339925867713,-5.439317705954551,1,0.0,,384.99999999953434,0.0,0.0,0.0036455888733865046,-0.2981418349660843,5GbLENPL...,221595.53125,,,ENTRY_PRE_EMA_PATTERN,False,5740660,1.0,,,,,,,
95,115,115,115,113,TensorUSD,2026-06-06,8347725,0.004949931,0.005001463694497943,-0.010303522657703823,IN BAND,False,True,0.0,2519.723329872,1125098.158117167,1.0,509089.649365653,49573.554563334,7.0571e-05,16446.27341117867,,-0.7791198094516727,,,0.01425696641023885,,-0.833115960268336,-0.12535952566872985,-0.833115960268336,-0.12535952566872985,,2.335796197905003,-2.914157410416625,1,0.0,,0.0,0.0,0.0,0.0022395586657867387,-0.5475575991288083,5GndoVhM...,234352.984375,,,ENTRY_PRE_EMA_PATTERN,False,7119664,1.0,,,,,,,
96,116,116,116,106,VoidAI,2026-06-06,8347725,0.003787352,0.0038384259678423405,-0.013305966630652593,IN BAND,False,True,0.0,7291.486590586,2135237.620642275,1.0,1933994.285595023,305136.795513979,-0.000998729,28822.33657126734,ACCUMULATING_PRE_EMA,-0.5105845234241949,,,,,-1.0042595291167968,-0.16188926067293988,-1.0042595291167968,-0.16188926067293988,,1.2307763663369247,-3.815900405653343,1,0.0,,385.1296892738901,0.0,0.0,0.0034148361381871567,-0.09835786634377877,5E5Ctr2D...,330019.375,,,ENTRY_REPEATED,False,5558480,1.0,,,,,,,
97,117,117,117,64,Chutes,2026-06-06,8347725,0.066684351,0.06767404195852578,-0.014624380780038361,IN BAND,False,True,0.0,190134.52533934,2517381.292618454,1.0,2852905.964679106,4608896.517087579,-0.047134532,39543.730818607844,ACCUMULATING_PRE_EMA,-0.19169819424643367,,,,,-2.9633380526685444,-0.17792996615713338,-2.9633380526685444,-0.17792996615713338,,1.0439419756180384,-4.700545081993893,1,0.0,,385.0,0.0,0.0001220759004354477,0.07552869559206567,0.13262998678753976,5FRYKhbm...,16709.25390625,,,ENTRY_REPEATED,False,4531295,0.0,,,,,,,
98,118,118,118,21,AdTAO,2026-06-06,8347725,0.003475457,0.003528434317559004,-0.015014398112887073,IN BAND,False,True,0.0,7405.875359209,3064662.392376338,1.0,2131778.500878891,492306.666092865,-0.003711776,2369.753832482267,ACCUMULATING_PRE_EMA,0.014929809513295053,,,,,-5.960430482484332,-0.18267517704012604,-5.960430482484332,-0.18267517704012604,,0.8575169671339392,0.527893632822398,1,0.0,,385.28077672142535,0.0,0.0,0.0024165387279303173,-0.30468461329536883,5HjCYVfr...,509152.5903015137,,,,False,3156578,1.0,,,,,,,
99,119,119,119,74,Gittensor,2026-06-06,8347725,0.004604081,0.004675013478845358,-0.01517267900217404,IN BAND,False,True,0.0,6879.453974177,3087145.049066827,1.0,1492442.092521216,295543.927767014,-0.00256627,12383.557493187487,ACCUMULATING_PRE_EMA,-0.05119424566520151,,,,,-5.019464003056289,-0.18460092785978416,-5.019464003056289,-0.18460092785978416,,0.8512719545828868,-0.9136727150148317,1,0.16429089381049078,MINER_BURN_ONLY,2479.9755609165877,1182.8944354355335,0.00036623491905629635,0.0022284194182118204,-0.5159903967345882,5D1VXeeS...,159831.359375,,,,False,5086205,0.6468531905493184,,,,,,,
100,120,120,120,101,eni,2026-06-06,8347725,0.003961966,0.004023446701467037,-0.015280605418389178,IN BAND,False,True,0.0,3501.09659842,1793419.504280453,1.0,884070.441176301,134930.363325389,-0.000119087,4494.333839261206,ACCUMULATING_PRE_EMA,-0.692971482187029,,,,,-4.737675286157653,-0.18591403259040165,-4.737675286157653,-0.18591403259040165,,1.4653570978388535,0.4635388046901484,1,0.0,,385.0,0.0,0.0,0.0019521905444118011,-0.5072672142033018,5H8dNvi1...,517888.6875,,,,False,5481350,1.0,,,,,,,
101,121,121,121,128,ByteLeap,2026-06-06,8347725,0.004348877,0.0044310917146503925,-0.018554053931803812,IN BAND,False,True,0.0,5004.020925373,2454054.617731426,1.0,1144028.481806223,87050.830575182,0.000561462,31276.285803586477,,-0.5247377415938912,,,0.12910505401739344,,5.463397091402234,-0.22574098950361304,5.463397091402234,-0.22574098950361304,,1.0708808112956232,-3.393353528889659,1,0.0,,0.0,0.0,0.00016784481704235077,0.002039082948365188,-0.531124253832613,5GgMeLFN...,569255.3125,,,,False,5856038,1.0,,,,,,,
102,122,122,122,45,Talisman AI,2026-06-06,8347725,0.003604805,0.003712368430569768,-0.028974341469997715,IN BAND,False,True,0.0,7583.011410912,2893649.706328327,1.0,2117244.744005841,708874.463427713,-0.001432002,62290.272477549035,ACCUMULATING_PRE_EMA,-1.060926782512082,,,,,-0.718102449851386,-0.35252115455163885,-0.718102449851386,-0.35252115455163885,,0.9081956237662911,-7.094829941060073,1,0.0,,385.13613914418966,0.0,1.5273690223693848e-05,0.002620569930882849,-0.27303420548882695,5FbcZiAH...,724.816650390625,,,,False,3633154,0.20218512773150088,,,,,,,
103,123,123,123,107,Minos,2026-06-06,8347725,0.022789521,0.023573550628498197,-0.03325886884220058,IN BAND,False,True,0.0,5793.459620852,821818.763274278,1.0,254164.723187855,143258.970898193,0.002056355,5917.048815457645,,-0.10368011786140817,,,0.09023248009468914,,-7.098106846052986,-0.40464957091344034,-7.098106846052986,-0.40464957091344034,,3.1977853481095537,1.1801003621750261,1,0.0,,0.0,0.0,9.152712300419807e-05,0.007049558710207327,-0.6906666572672884,5DA2vLrS...,810182.375,,,,False,7457580,0.8969463899283575,,,,,,,
104,124,124,124,109,Academia,2026-06-06,8347725,0.003627678,0.0038075679913163185,-0.04724537860560396,IN BAND,False,True,0.0,1413.436806645,968526.713409272,1.0,389676.159190706,36165.474848569,5.8608e-05,13969.12044430885,,-0.7266366909830407,,,0.016155788909600025,,-7.947862085704818,-0.5748187730348482,-7.947862085704818,-0.5748187730348482,,2.713399603351448,-2.5586495227948727,1,0.0,,60.10378066892736,0.0,0.0,0.001459367911154064,-0.597712941679481,5GULfmPm...,597813.375,,,,False,7257480,1.0,,,,,,,
105,125,125,125,62,Ridges,2026-06-06,8347725,0.013127299,0.013797812163829803,-0.04859561471546309,IN BAND,False,True,0.0,32150.623724764,2355102.75698833,1.0,2493861.989532796,4270065.135071962,-0.034470927,73418.64098283323,ACCUMULATING_PRE_EMA,-0.08250579503437452,,,,,-11.287116266733303,-0.5912466457048009,-11.287116266733303,-0.5912466457048009,,1.1158748773071148,-10.727348744853204,1,0.017638171600281364,MINER_BURN_ONLY,1422.9948355220258,126.99483552202582,0.0,0.013651473860052601,0.039930137955462186,5DhsVYew...,31470.8046875,,,,False,4474225,0.0,,,,,,,
106,126,126,126,94,Bitsota,2026-06-06,8347725,0.003681332,0.00387304718606174,-0.04949983226429092,IN BAND,False,True,0.0,2043.930439142,1127627.236480448,1.0,555406.118994201,31643.461775543,-4.3036e-05,29887.77347655117,ACCUMULATING_PRE_EMA,-1.1340388885947346,,,,,-3.3025339654010515,-0.6022479592155395,-3.3025339654010515,-0.6022479592155395,,2.3305573996265982,-7.292424009651471,1,0.0,,278.6129369060509,0.0,1.5243887901306152e-05,0.0018125940674522188,-0.5076254824470549,5EZRCK9o...,549083.0625,,,ENTRY_REPEATED,False,6962737,1.0,,,,,,,
107,11,16,5,83,CliqueAI,2026-06-06,8347725,0.008450451,0.008371335221454501,0.009450795655958943,IN BAND,False,False,0.004225221,7466.012520867,2081664.344716486,1.0,882502.278526431,132930.114442909,0.001469596,-3117.740662510507,DISTRIBUTING_PRE_EMA,0.08322725352938017,,0.17390740446870825,0.17390740446870825,1.487257188086064,-0.2579371784658705,0.1149846804808338,-1.065935953432902,-0.6930140944861977,-0.8079987749670314,1.2624513681421212,2.2952559630530955,1,0.0,,919.8355693039484,0.0,0.0018310693558305502,0.003586559254769692,-0.5755777703734757,5DqEjRLy...,851581.375,0.14258268476046734,,,False,5231190,0.2325919123556155,,,,,,,
108,13,25,17,31,Recall,2026-06-06,8347725,0.004765755,0.00472429976798594,0.00877489449229704,IN BAND,False,False,0.002382874,1799.119402884,1104430.778563655,1.0,377540.310599027,23554.834223261,0.000490589,-3870.5880426866934,DISTRIBUTING_PRE_EMA,0.1736550869495529,,0.10294045749309397,0.10294045749309397,3.480698869659048,10.24329623435582,0.10676121632294731,9.239814299579947,-0.8967207184529243,-1.0034819347758717,2.379506304068954,4.48418080443492,1,0.0,,1272.8388828178868,0.0,0.0,0.0016290015072051942,-0.6581860571504002,5H3mfhC8...,583555.5625,0.1221967509453368,,,False,7173591,1.0,,,,,,,
109,14,1,4,95,nion,2026-06-06,8347725,0.04419303,0.043101473711431026,0.025325266042573413,IN BAND,False,False,0.022096427,26492.110497701,2259904.056447672,1.0,598073.214225598,335160.601956968,0.008829662,-10609.894974487019,DISTRIBUTING_PRE_EMA,0.004317593531082727,,0.1997976151442886,0.1997976151442886,2.1919510777006344,10.228453272112555,0.30812407018464316,9.021140690175214,-0.8991885117526982,-1.2073125819373414,1.1628812260866221,3.3992636596379757,1,0.0,,577.4999999995343,0.0,0.0,0.01172267044794095,-0.7347393820260583,5D5UhUuc...,339101.21875,0.019207719706544134,,,False,5403674,1.0,,,,,,,
110,127,127,127,80,dogelayer,2026-06-06,8347725,0.00310503,0.00336329429410398,-0.07678908579505817,IN BAND,False,True,0.0,1317.783081749,1076548.445688425,1.0,424557.839227275,32778.075646987,-9.73e-06,44147.33823180542,ACCUMULATING_PRE_EMA,-1.0206486169883153,,,,,1.0792761568649223,-0.9342672105065409,1.0792761568649223,-0.9342672105065409,,2.4411349164314307,-12.066269109620299,1,0.0,,0.0,0.0,7.630581967532635e-05,0.0012240815422907528,-0.6057746487825391,5ERJCUPW...,1049582.5,,,,False,7151800,0.4637570501216206,,,,,,,
111,12,27,29,99,Leoma,2026-06-06,8347725,0.004550132,0.00456005847081542,-0.0021768297224585773,IN BAND,False,False,0.001071297,1563.2204445,816933.319798742,1.0,343644.22933196,65332.500291987,0.000256701,1402.2692599392612,,0.004637674353073818,,0.056416165509044575,0.056416165509044575,1.801005434585717,-5.415023690176571,-0.026484761623246023,-6.376934487780551,-0.9883955592272269,-0.9619107976039809,3.2169088177813934,2.762916232189698,1,0.0,,1354.88094964007,0.0,0.0,0.0019135226910381275,-0.579457762755426,5FxogcQr...,1032515.8125,,,,False,7415113,1.0,,,,,,,
112,128,128,128,76,Byzantium,2026-06-06,8347725,0.004276402,0.004659750498831272,-0.0822680310732132,IN BAND,False,True,0.0,1460.149580403,655512.076556976,1.0,341432.724907997,36780.098534764,-0.000441216,-4347.3985764483805,,0.16388857305287086,PRICE_DOWN_FLOW_UP,,,,-20.433057482073014,-1.0009277113907606,-20.433057482073014,-1.0009277113907606,,4.009079457091556,6.322901114356215,1,0.0,,385.0,0.0,0.0,0.0022274945536813256,-0.4791194668599151,5FFNhWd8...,276066.28125,0.0,,,True,7574784,1.0,,,,,,,
113,15,20,15,126,Poker44,2026-06-06,8347725,0.00620604,0.006079657236114144,0.020787810723131236,IN BAND,False,False,0.003103011,1826.346730396,718127.192233631,1.0,294340.6854544,21417.378265988,0.000651245,-910.666189422016,DISTRIBUTING_PRE_EMA,0.09015596255023953,,0.1049372869011479,0.1049372869011479,4.465040932414758,0.7905587980932899,0.2529183637980967,-0.4937575914864888,-1.031398025781682,-1.2843163895797787,3.6595188546279456,5.749357321994537,1,0.0,,577.4999999998836,0.0,1.5234574675559998e-05,0.002543207874799187,-0.5902044017120117,5DqrUa2z...,228501.90625,0.74786319959212,BUYBACK_GAMING,,True,7525773,0.9710379356877431,,,,,,,
114,19,22,8,47,EvolAI,2026-06-06,8347725,0.005616606,0.005390319274738431,0.04198020817098064,IN BAND,False,False,0.002808287,1705.412166927,943379.009434621,1.0,303629.727865443,25229.751924946,0.000657822,-4887.647255324293,DISTRIBUTING_PRE_EMA,0.042816175316615114,,0.11712090896174665,0.11712090896174665,4.327504153613739,14.775783545745794,0.5107591994135977,13.161064968106867,-1.103959378225329,-1.6147185776389268,2.7857308395858773,5.942222731252666,1,0.0,,577.5,0.0,0.0001525762490928173,0.0018077698887418274,-0.6781383830836937,5DDKR8DV...,8837.0556640625,0.03494591957206647,,,False,7340355,0.9914231210680369,,,,,,,
115,16,13,16,67,Harnyx,2026-06-06,8347725,0.010339878,0.010168503737077117,0.01685343953781581,IN BAND,False,False,0.005169922,2220.601823833,479333.465108837,1.0,214758.35339539,34197.200651524,0.001081343,567.7455822362972,,0.006366670327277243,,0.10457986061344245,0.10457986061344245,6.118411175826259,-0.5450519122482125,0.20505018104342568,-1.9163864608252,-1.1662843675335617,-1.3713345485769874,5.4826132354503745,7.489745724403247,1,0.0,,592.7978377499385,0.0,1.52587890625e-05,0.004632686815073076,-0.5519592382934232,5HEAv3TU...,339839.90625,0.1989886273889733,,,False,7236936,0.8550065685320821,,,,,,,
116,18,7,9,91,Bitstarter #1,2026-06-06,8347725,0.014740236,0.014268689323216677,0.03304765182714203,IN BAND,False,False,0.007370088,3475.388997026,606989.691910063,1.0,235780.465687228,46820.515614887,0.001656228,-1480.9254649923241,DISTRIBUTING_PRE_EMA,0.10277500161465059,,0.11236102325634406,0.11236102325634406,5.573071469287126,-5.328157947260733,0.4020797638968947,-6.930226968795695,-1.1999892576380677,-1.6020690215349624,4.329562816347444,7.175140490822089,1,0.0,,577.5,0.0,0.0,0.0057256145258245085,-0.6115656136153784,5HEe7NjS...,108140.0078125,0.059488726484510895,,,True,7633645,1.0,,,,,,,
117,20,15,12,82,Compelle,2026-06-06,8347725,0.009459509,0.009156981250271201,0.033037934823754125,IN BAND,False,False,0.004729721,1125.353233399,275402.889579746,1.0,118962.966593791,39970.405185826,0.001027437,-239.9101977547689,DISTRIBUTING_PRE_EMA,0.029367063243581584,,0.1086141997433482,0.1086141997433482,11.04516023867235,1.1402270635542942,0.40196154035567516,-0.714567531799243,-1.452833054997862,-1.8547945953535372,9.542383538568622,12.899954834025888,1,0.0,,1637.7133616280043,0.0,0.00021362211555242538,0.004086207066005171,-0.568031801015764,5H6h1PUD...,123922.828125,0.09588608245164215,,,True,8026517,0.0,,,,,,,
118,10,11,23,122,gamma_small,2026-06-06,8347725,0.013317473,0.014333011116832495,-0.07085308931630288,IN BAND,False,False,0.005596734,1765.047318774,140228.698134951,1.0,132534.87651618,18568.708470322,0.001182475,6767.901317971613,,-0.15716962667349013,,0.08879124440500087,0.08879124440500087,8.333043990127308,-7.505370729119949,-0.8620459200150183,-8.113692192419107,-1.4703673833141757,-0.6083214632991574,18.740814362199302,8.941365453426465,1,0.0,,105.50218350499017,0.0,0.0,0.012586919384186128,-0.05485677469095467,5F3uH1G4...,629888.25,,,,True,8238082,1.0,,,,,,,
119,17,18,22,57,gaia,2026-06-06,8347725,0.007118438,0.0071955237071961164,-0.010713008577683376,IN BAND,False,False,0.003559218,1755.659327361,397502.450905212,1.0,246623.782523469,14188.59619746,0.000649738,3014.159105111059,,-0.021626261105255347,,0.091275361252005,0.091275361252005,5.327699262737834,-1.378393593802326,-0.1303416043618144,-2.7906830883195233,-1.5426310988790117,-1.4122894945171973,6.611279990891603,6.739988757255031,1,0.0,,578.5552372399252,0.0,0.0,0.004416725792162858,-0.37953722541899537,5HdpnCSY...,764598.0,0.7026413588082748,BUYBACK_GAMING,,True,8057320,1.0,,,,,,,
120,21,17,13,78,Vocence,2026-06-06,8347725,0.008013725,0.007906449493020773,0.013568101215839201,IN BAND,False,False,0.004006848,1219.366074605,349075.129191606,1.0,152155.466329997,33567.685306673,0.000853634,-33.48386486037634,DISTRIBUTING_PRE_EMA,0.08833440216026282,,0.10652149905318689,0.10652149905318689,8.635631877335177,-6.987728327508322,0.16507856479271027,-9.335855874867399,-2.183048982566367,-2.348127547359077,7.528465307986754,10.983759424694254,1,0.0,,634.4914651169674,0.0,0.0,0.0034931336340942656,-0.564106126165514,5FnQCJW2...,846628.75,0.44101329075156953,BUYBACK_GAMING,,True,7966145,1.0,,,,,,,
121,22,10,21,69,ain,2026-06-06,8347725,0.012275853,0.012106638634577394,0.013976989859044636,IN BAND,False,False,0.006137916,4956.961090286,694630.038375965,1.0,403791.173856725,45392.052158181,0.001131113,-600.1520459513995,DISTRIBUTING_PRE_EMA,0.053014103021224813,,0.09214129559876613,0.09214129559876613,3.254099226159011,1.4267239197916932,0.1700533766183764,-1.0952094942051207,-2.3518800373784376,-2.521933413996814,3.7833088907934735,5.776032640155825,1,0.0,,577.5000000002328,0.0,0.0,0.007136116805249747,-0.41868668472571746,5HBPFVcJ...,590391.375,0.1989248284263454,,,True,8138182,1.0,,,,,,,
122,23,6,11,102,ConnitoAI,2026-06-06,8347725,0.015912601,0.015386049170047045,0.03422267952828489,IN BAND,False,False,0.007956258,2943.343829754,425643.278389594,1.0,184966.966541822,86548.115559089,0.001759013,-1362.3923111626646,DISTRIBUTING_PRE_EMA,0.05576422600269849,,0.11054214204202067,0.11054214204202067,7.103840812830741,0.7934051605118771,0.41637593426079944,-2.3123338050738345,-2.689363031324912,-3.1057389655857115,6.174184189969928,10.209579778416453,1,0.0,,578.8521373060066,0.0,4.5787543058395386e-05,0.006915048302630398,-0.5654357007612772,5HidKLut...,201323.013671875,0.04815536506593785,,,True,7840965,0.0552554471220843,,,,,,,
123,24,14,19,26,Perturb,2026-06-06,8347725,0.009934061,0.009706895798444748,0.023402455972757846,IN BAND,False,False,0.004967016,3043.525203538,484735.818603839,1.0,306365.248253034,36013.753901473,0.000932876,-3111.214135569404,DISTRIBUTING_PRE_EMA,0.1251656915140617,,0.09390681212849408,0.09390681212849408,4.288881206840653,1.3310639821961785,0.2847298810018871,-4.701907810408953,-5.748241911603245,-6.032971792605132,5.421509818625124,10.321852999445785,1,0.0,,577.5,0.0,4.5787543058395386e-05,0.006278729746656885,-0.36795941290707945,5FsVAEPM...,1385622.125,0.3995712774305723,BUYBACK_GAMING,,True,8123781,0.9500244138764998,,,,,,,
124,26,4,6,84,ansuz,2026-06-06,8347725,0.026490829,0.023719999939203262,0.1168140416483411,IN BAND,False,False,0.013232729,4722.6976197,521228.302444221,1.0,178292.761982056,26600.712493243,0.003749456,-12052.833972009568,DISTRIBUTING_PRE_EMA,0.1744204803544194,,0.1415378884518865,0.1415378884518865,7.363505905383172,24.60506190932856,1.4212375067214833,15.69769842159872,-7.486125981008356,-8.907363487729839,5.0419364943852685,16.27086939311301,1,0.0,,604.9800876140362,0.0,1.0,0.009060708325993863,-0.657968109416513,5G1hDNpP...,815222.31640625,3.7275127360063918,BUYBACK_GAMING,,True,8085297,,,,,,,,
125,25,19,10,36,Eirel,2026-06-06,8347725,0.006991651,0.0067935355473309755,0.029162348719417426,IN BAND,False,False,0.00349581,1341.985150789,417799.595372447,1.0,191938.317844753,20138.639231047,0.000773458,-6731.94769773868,DISTRIBUTING_PRE_EMA,0.16028040257240697,,0.11062594514514526,0.11062594514514526,6.845819921776815,3.5319514103484932,0.35480857608624533,-5.02696279281187,-8.204105627074117,-8.558914203160363,6.290097044391037,15.404734124937178,1,0.0,,607.4636294089723,0.0,0.0,0.003212030757456069,-0.5405905189695439,5GLGTwG6...,769507.5,0.8720728028474172,BUYBACK_GAMING,,True,7894898,0.0,,,,,,,
126,27,24,3,111,oneoneone,2026-06-06,8347725,0.005456196,0.005130147561430931,0.06355537236791012,IN BAND,False,False,0.002727412,5804.708742508,2949616.130743771,1.0,1062640.862817083,99366.313056906,0.001935273,-111975.49045529077,DISTRIBUTING_PRE_EMA,1.0988625444386362,,0.35469271998293317,0.35469271998293317,1.2347973092105786,22.907243737988143,0.7732570304762397,8.346340793124991,-13.787645914386912,-14.560902944863152,0.8909633943917059,15.795700254073731,1,0.0,,578.014795911964,0.0,0.0019226239528506994,0.001967953959162914,-0.6393175833194199,5HKeYGvj...,2769372.25,0.1455091492934001,,,False,5615562,0.2557752046548726,,,,,,,
127,28,21,2,77,Liquidity,2026-06-06,8347725,0.006177158,0.006002791225910187,0.029047615938596096,IN BAND,False,False,0.003088565,12223.242612565,2750593.858407878,1.0,1978806.98261172,364803.8922301,0.002742308,-100440.86051090993,DISTRIBUTING_PRE_EMA,0.6698063863225215,,0.44394331503257645,0.44394331503257645,0.6640421921803557,14.516690322766811,0.3534126605862525,-0.14215174134966624,-14.305429403530225,-14.658842064116477,0.9554300399409608,15.322884256296833,1,0.0,,577.5896642962471,0.0,4.5768916606903076e-05,0.004443855851419723,-0.2805986423821889,5GxxsUeY...,2706100.0,0.7028812188737924,BUYBACK_GAMING,,False,5128460,0.0940151384845056,,,,,,,
128,29,9,24,116,hard_sign,2026-06-06,8347725,0.013806447,0.01203139591962099,0.14753492381413758,IN BAND,False,False,0.006903196,1474.143004568,91130.514288839,1.0,106771.578564276,15062.50649229,0.001145701,465.72820913870237,,0.06814511918613322,,0.08298304408078343,0.08298304408078343,12.30653948211519,-6.3229608776880335,1.7950082397386737,-37.778931824585,-29.660962707158294,-31.45597094689697,28.83776110020108,43.76251042901216,1,0.0,,577.5,0.0,0.0,0.0161761734373153,0.17163912173170268,5F48aA3P...,578598.3125,0.42209350940125323,BUYBACK_GAMING,,True,8294730,1.0,,,,,,,
