hotkey,uid,invocation_share,emission_share,delta_inv_emit,weight_share,chute_diversity,avg_tps,pass_rate
5Cw4iiyjvNb31kw9dT6Zb2ofZTiWy3zhw5sfqLaLjPfTMm1H,16,0.308714251497006,0.18407716593895682,-0.12463708555804917,0.17950111640131883,21,14.994450917328244,
5CSa1rZAzh8Nf9nT9wMBghE6DPzTFoEdWZaRXD6mdVBkVJhw,207,0.196822125748503,0.3199829122801579,0.12316078653165491,0.3353159476737802,84,16.41449706577307,1.0
5GmdiSWwzRi91v8WsCw9x4Cn4sYUxXCPAJm9M9cUdM8qiHr2,65,0.13614434131736528,0.04446242127425667,-0.0916819200431086,0.04355913384732794,6,14.346869650359352,
5CSng9xqwnpdDjMvYM6sSdUkGX599cj5Xo3sqKNpUatgRXkr,14,0.04133176646706587,0.09829659769262555,0.05696483122555968,0.09624233445754074,46,20.42677465887421,1.0
5CMUxZ9EQpRsxtuFE3f8vcUoXheZMWnHex4WQ2dJCzxwMHaM,51,0.04321733532934132,0.0811404840433593,0.03792314871401798,0.07948431035996022,8,13.911787076923456,
5ELeMbDhduEDnrZXPscMhrVjz81Ugv2XycgnXkoqKM3nS7Nu,106,0.06879625748502995,0.03986812298762753,-0.02892813449740242,0.03264386581458331,198,21.241864793757948,1.0
5EPhV7FDS1PEHUbBaieZdwsbvusWbxZP3G56Ubnm25Nfw1JR,177,0.009595479041916167,0.03390011678774046,0.024304637745824288,0.035805526944177574,10,17.008679204023522,
5EHeZX7U2LjtN5HykktKwP6C47qvapS22MZoHLaJHT5Zaim2,27,0.05401245508982036,0.03393064321621612,-0.020081811873604243,0.037986770063835405,4,10.582592761903742,
5CXtLcdfx14eBZbZvpqXjPPrknw2rgwwGBnHZcZJr34wJdfu,254,0.004234131736526946,0.023475181229364716,0.01924104949283777,0.0229735043115171,9,17.141935483870842,
5ECA8dQkwJMd4jKTSZHXS19SRZ8N1wQyiXFbr7o2Dy3Rjmzy,125,0.059459071856287425,0.04060076845015531,-0.018858303406132114,0.039744910268727424,13,15.895350308500818,
5Fpw5S6drw26vujZVoCwjQWfmgv6Vp82Jqj2Fxw3dGaZsrGt,54,0.04089535928143712,0.02695524810796435,-0.013940111173472772,0.024194795794789968,126,30.305924015279494,1.0
5FEqkBXYvYxWA4yvGBMPuAcXA8Egj44KbtQkyzFRRMe3zir5,145,0.010304670658682635,0.02181146665603204,0.011506795997349405,0.021378701510930027,10,15.430431046066749,
5DqYBeL7wHUeiBqFneZ9vx4EHjyQ1QuTy8ck7YSBvY8QLGHF,162,0.002450958083832335,0.011356004669180637,0.008905046585348303,0.011139610973597197,5,15.512187507608264,
5Ca55hmJgpq3xsPgp3CC741PncPnKLzQQExuSqzvQR58MfQr,157,0.0007755988023952096,0.007005922468320091,0.0062303236659248815,0.006858203060273863,5,30.62066452486917,
5HYoY2cdf5SXYb6jLQxsWkFS9AUC2h4nSZzMLv9fAiCcsWN5,95,0.0006986826347305389,0.006563282268478056,0.005864599633747517,0.006442971827643223,2,30.875995749978678,
5EAZ2NmDV5Pvz9CwFpRR2p8eXeAmoiX9CcGia31gHKG8AVW9,41,0.003051556886227545,0.008349105816287694,0.00529754893006015,0.008098386580671163,9,31.136233193545632,
5H3jwy83dHMDB1Kuoz5h4LGrHm1o2VonvW7hrigjbkZoJiGD,118,0.0038800898203592816,0.0,-0.0038800898203592816,0.0,15,24.975002320314807,1.0
5FmzcxcWYJk9aD12DC7GHEGCjWrUShFRUcJgub2foPPeoaFp,29,0.00017035928143712575,0.0031595335571510644,0.0029891742757139385,0.003102229929473664,1,66.22136921439989,
5DG2ZXtBc7hf8cyoxm1NhshJfgYa124zMjX8gFDgxJmNM3dV,121,0.00030281437125748503,0.00317479700428706,0.002871982633029575,0.003106559354648012,4,29.37333611025404,
5EL4D2tMQJPLLkA6YhkhsZbG1TXMqP3dBzBKSAbCHwS1drvU,114,0.00032266467065868263,0.002732157037343191,0.0024094923666845083,0.0026181214781602147,3,39.2572894122044,
5CUQK1orC4gBwCwV36AtSvHX4ZDJzqF2ibeWmw69usiG277u,34,0.006723233532934132,0.004319555772384887,-0.002403677760549245,0.004866273895967062,56,16.08255867169344,1.0
5HDsWR4P3K6iVzb2Le7bNG1t7KCS52RBn3qPqABgrwYmMbrM,153,0.0015411377245508982,0.0002289517070399322,-0.001312186017510966,0.0002200135156782261,6,34.64744189377524,
5EJ4p2AAD436S2R9SMya4pzRuREJg1bzme1firC9su541mSy,221,0.0015238023952095809,0.00025947860131192316,-0.0012643237938976576,0.00034477967752079796,11,70.83055725190837,
5DkMfiGB2tdHG2CEFQo7LXhe5oFppEYErTbsdW3VQRbSGD6c,188,0.00258685628742515,0.0014500274779195705,-0.0011368288095055794,0.0014220193777199123,8,18.40803550149266,1.0
5FQysh6C2MbQL3tgnbpy8z66S8FZosir63Htfx7UcD5ALDHG,158,0.0009505988023952096,3.052689427199096e-05,-0.0009200719081232186,4.171991531644359e-05,4,0.0,
5FtCwbG8Ztg4v2fySUphcD6BsHFkbvQ2A1jZrRVoUk2jNpif,109,0.00010517964071856287,0.0009158068281597287,0.0008106271874411658,0.0008981589316238139,6,39.24568792643131,
5EWgbrkxRAxuM9yCkJ6QjudLEcwkGBP3ewTyManGz7k8qayV,111,0.00011050898203592814,0.0004884303083518553,0.00037792132631592716,0.000484895619526967,4,72.51441153277466,
5Gx9ChZyG3xcDit93WEensffAABGXRgX74KMH3XkyW8baxF4,62,0.0001662874251497006,0.000381586178399887,0.0002152987532501864,0.0003691818921398499,11,54.408564709406825,
5FUHfMe6n6A3AM8hNDhhMAsr7SWE8ftt2iHotWqJutEDUoH8,128,4.715568862275449e-05,0.0002289517070399322,0.0001817960184171777,0.00022473652495933293,3,0.0,
5GncYN5L6Z5ePnwkUY8SYPNHg2hQ81YVJ4T7J7BQaiU4tZJq,70,0.00016853293413173653,0.0,-0.00016853293413173653,3.935841067589018e-07,1,0.0,
5Df4T8mL2MhRkYNTAKpzwceGWigUWNrKDMqe9Uc8CWG9FBez,103,0.00013604790419161677,0.0,-0.00013604790419161677,0.0,4,16.413216114457825,1.0
5HRBa18KUVcPJLvoAPCGZE1DwrjyVFjtd3KWXARhYAp1xGSv,92,3.9431137724550896e-05,0.00016789791849595027,0.00012846678077139937,0.00016491174073197986,2,0.0,
5GE6WGGGFS1m5htA5MJ7vWwF1XzQBJmudLuRTmCdCWosGq4j,26,6.239520958083832e-05,0.0,-6.239520958083832e-05,0.0,6,32.11358304064225,
5G4MNptjsxfj8XGpgCZ8Jt6yBhzbo8qmNdUCWFQ6zUVf25zJ,13,7.110778443113773e-05,3.052689427199096e-05,-4.058089015914677e-05,4.171991531644359e-05,10,66.05982352941176,
5EWrz88b7uRthFVNqSvHxkZ19zso2eVEYP8tF92rFG6wCN5W,212,0.00019020958083832334,0.00021368825990393672,2.3478679065613373e-05,0.00020112147855379882,14,75.37616981132076,
5DtbvembQVBN4M7R9NQogkRfte8PYMqZjUJei855UiPbaLoU,135,0.00035095808383233534,0.0003663227312638915,1.5364647431556145e-05,0.0003715433967804033,1,35.68645176778708,
5CCzhyifft3ei1Z5Z7xF8RnUZZXg2JoJTfxfrqpyRRCLGxov,66,1.317365269461078e-06,1.526344713599548e-05,1.39460818665344e-05,2.6763719259605323e-05,2,0.0,
5EZLVAwrib5jhwoXMHtmZYAfthpLfbWTx3RrUu77Evda5BEZ,181,2.095808383233533e-06,1.526344713599548e-05,1.3167638752761946e-05,2.7157303366364223e-05,2,0.0,
5EYwugTFZT5wLdwPKy4Cjyp4cshbWn4SYsrcEPsHEcfS8pcQ,68,1.8562874251497005e-05,3.052689427199096e-05,1.1964020020493953e-05,4.211349942320249e-05,1,57.91410161290323,
5DxzSd5rF9RmrPxYqejbCB1CnLsGhtsParMspEDQiypsiQ3h,240,7.634730538922155e-06,0.0,-7.634730538922155e-06,1.2988275523043759e-05,2,0.0,
5DXfJKuHEW8F3q6aVqVrykc8jNKvnvXo2tjZ9pqHnHj5wKaY,22,9.191616766467065e-06,1.526344713599548e-05,6.0718303695284134e-06,2.7157303366364223e-05,2,0.0,
5HMaexp8oudN42e6CSwSrVe47RodueM4U71Ecf1H6pU8gKDB,90,5.0898203592814375e-06,0.0,-5.0898203592814375e-06,1.2988275523043759e-05,1,0.0,
5E6mcjqGEVYMvT6R6hgk4XJ5bdqT3vRKyC1dTSKAnsN1MtQd,83,1.407185628742515e-06,0.0,-1.407185628742515e-06,7.871682135178036e-07,3,84.68738461538463,
5HmwgHVLSvmVxqA2BQ7z9xyedCTdqo5CXHGFjYAqGGEzyHux,218,6.886227544910179e-07,0.0,-6.886227544910179e-07,1.1807523202767054e-06,1,74.74591304347828,
5FcXdhSJmAjZtT81AJ2mPUrSexGm9cKPA2Bctp3tgsAA6BK6,170,3.592814371257485e-07,0.0,-3.592814371257485e-07,3.935841067589018e-07,1,0.0,
5FNvG48CxpRTDDeYBcGJwcwu57uXmpxavHZXagFWAJ47w8JZ,169,2.3952095808383233e-07,0.0,-2.3952095808383233e-07,0.0,1,0.0,
5H3UYKupFLedAf2bWmpmMFAcpKRu6H1pXDubdHxnHC16Pag7,197,0.0,0.0,0.0,0.0,0,0.0,
5GRbxcRk3x7DqTsyi9ucGVsF43hrSLM7CXmiSWjr7UeKCdXc,159,0.0,0.0,0.0,0.0,0,0.0,
5ECXpaSqtxriV8UqRWTpc9H73ZootcDNP2HvAArrGjcc47dq,167,0.0,0.0,0.0,0.0,0,0.0,
5EcWvNEwSSMxK29e1Rz2CbtJHPWLXM4jdL9HKBDx9dTH3om1,178,0.0,0.0,0.0,0.0,0,0.0,
5HKEt93ZzuA6Kq8Ss9jxM1uxf1U6tp1aF1Sk7B8z5MDECQc8,238,0.0,0.0,0.0,0.0,0,0.0,
5Cu5vCLqct58ZugWfgfW88LZcQ11sgzYkKjyALFAbxzsjqgy,133,0.0,0.0,0.0,0.0,0,0.0,
5ED8ahWxXn6NTZ2Ys3TZ8Ej7SuoWMj9y7fHsuqLjJsjTvJv6,184,0.0,0.0,0.0,0.0,0,0.0,
5Gga5pgiWheibnvJfNzxpnmt9HNeqjDaUoz8Fk2bePATRFEG,155,0.0,0.0,0.0,0.0,0,0.0,
5FXE4pTFx8nQn5M22xH9FFM93ZnKNCdnNxC6n2F2g4RoHgJK,248,0.0,0.0,0.0,0.0,0,0.0,
5HbQpEgwCLiEGJyKjsgRN812yuVdDa5QCQ4yTaT86WWmj9mb,4,0.0,0.0,0.0,0.0,0,0.0,
5Eyg6h4jfRbp3zbZRakMrVzy59DSRAJV6dBmFnMQ5QK4TTfd,78,0.0,0.0,0.0,0.0,0,0.0,
5HjJF6zWzggE7DjkR2vY3jgk8W3En6h2DzRnNS5T1A76MTv3,245,0.0,0.0,0.0,0.0,0,0.0,
5CYAKnDyqToTANGVbghrrWHoH4Cxtft1XcYoKjT5SxYfbXTF,137,0.0,0.0,0.0,0.0,0,0.0,
5FTTmFS2itGuCbXf9ZWtDn8sA7E4fD1BQ1k9hWg7ZBK9m5vr,175,0.0,0.0,0.0,0.0,0,0.0,
5GNNnMKcvJWGcc2hzbhvXmWxNDLo6gFsZVeQiRhzMxq5hjpZ,129,0.0,0.0,0.0,0.0,0,0.0,
5CdUej7yMEpyktRP9ZMsPg3gc87GTBPDCK74hQ5poTHPMif3,255,0.0,0.0,0.0,0.0,0,0.0,
5EfJvLMWQeCeCvqr2s4UwYEGc2Q9mbJwaYNVpPbxbyh64eFf,136,0.0,0.0,0.0,0.0,0,0.0,
5G6kS8MfjN1Hcgb5h6VgrNb29XYGsvBPbK38XkgC8VfEir5V,35,0.0,0.0,0.0,0.0,0,0.0,
5DhniERsRJXPgUx7rMCbwrGfxZDk3kHMhtiGTBNHTF3BkdpF,206,0.0,0.0,0.0,0.0,0,0.0,
5Ca32LwMizgx7VGESpkuRCYTsHZoVc9JX7gUML2enXSqpk3R,94,0.0,0.0,0.0,0.0,0,0.0,
5C61LbuMR2Feq3qMfgYo7HLCwuwTWBpwkM6M38nLA54zJ4FD,93,0.0,0.0,0.0,0.0,0,0.0,
5GZLFWNqjJiddUDcGkqMKPW7Mcy2A1aWj7DrtX62TkhGNcE3,141,0.0,0.0,0.0,0.0,0,0.0,
5CwXCdbJy1D4MZVA3cNQzqJAxA8FRcg9TdGshPdAKRjkDJv4,134,0.0,0.0,0.0,0.0,0,0.0,
5DU9EKEVhj8jrcFGNJ2zN2CZKTWFmLAR7UmB1R9Q1e4BFd8s,182,0.0,0.0,0.0,0.0,0,0.0,
5FLPUs8Tef8JexZig4bHA6sGvgcT9AbsiCvZMWKHRKrTV1ZE,217,0.0,0.0,0.0,0.0,0,0.0,
5EPkXvUcEkSpWGLF6oA51N1f8nuYd7BnqdAikV8YL9DcJ8w6,79,0.0,0.0,0.0,0.0,0,0.0,
5ExyZuctGkEH3rQDFvxpDgR3qWdjeGsoDngR4qakTauw7VUb,199,0.0,0.0,0.0,0.0,0,0.0,
5GbSHDKA5PCxcKxuBmHTg3tRCYnjBDvxAPGjvttsLEWFQEbX,82,0.0,0.0,0.0,0.0,0,0.0,
5HWJ43ER6SnpnMgubNXKQTRUtxnXHHo4s9jtAyR2FRTfxGkR,52,0.0,0.0,0.0,0.0,0,0.0,
5F1pnsCfVF2dxu3bg2NzPPD4L2Dui1ckakMaUmcZTEzHpVXS,211,0.0,0.0,0.0,0.0,0,0.0,
5HmbMYDPtGBb4v2N7xDUu4n1P2GjL7QDEk2KEpBbNN1cnMQN,63,0.0,0.0,0.0,0.0,0,0.0,
5Eq27KCL4D4sKADDttbuEDWHtdJKWRkSmPKLqc5Tf3So9M9N,24,0.0,0.0,0.0,0.0,0,0.0,
5EP4LAecycmYdKKCG2RmHAhkXGLUm9iWT1NyJAqM2nJefHZL,156,0.0,0.0,0.0,0.0,0,0.0,
5EC9E95FpaziGkfD9Ngp4RREv1RTqfXG3HSAcETdaoieW8Xj,33,0.0,0.0,0.0,0.0,0,0.0,
5G9ZaF89zKeLU4AtTYJjT8dBttW8cR3W7kZnb1QBqTYnaVMy,163,0.0,0.0,0.0,0.0,0,0.0,
5DXPu7dQYH2eKbJ52RPKz5JzzFX7r4u3pkJwq4WYxj7c2hmB,193,0.0,0.0,0.0,0.0,0,0.0,
5FhLFuwL2wR89GBu37Sr7ZvTaWN9x91LAT1zXTkKRh6kaTyq,102,0.0,0.0,0.0,0.0,0,0.0,
5CAAxTpdKUAkQ28aYAPABGXxSGpAkQ6u8jQPwmg5mMaKpQ1C,46,0.0,0.0,0.0,0.0,0,0.0,
5H8meiRCEsxTfan2aRfnNwMu1Q9CMwQwU6jWbPDRgBDDDUoR,112,0.0,0.0,0.0,0.0,0,0.0,
5DiJwrYFkMhsEV9a8PdyoGzehe6sEJigKvkemdhjw6h88fwQ,185,0.0,0.0,0.0,0.0,0,0.0,
5H3vKf42hhy11dQVgGaPmx1wdLkTVRsFKELNd3kh4twaMo3G,55,0.0,0.0,0.0,0.0,0,0.0,
5CLU51PTxQEoPTd6xbSfCep8Ap3ARMMrUtFZapyHZTQbjUV1,30,0.0,0.0,0.0,0.0,0,0.0,
5Cw4vQd2EWsYZeU8nv3ntD74fZebd2u7EBuRiGbywHJ5bhDK,37,0.0,0.0,0.0,0.0,0,0.0,
5D7kFWKcrbiaxFM57HSzFd6yrBEXCGXMxiDsYUqPMZb2cfNA,31,0.0,0.0,0.0,0.0,0,0.0,
5Fh2zf5da6iEg4gra9LS2ppAq6qCoR1DZjUwQAD1fadKCuL9,120,0.0,0.0,0.0,0.0,0,0.0,
5ENYfeYpqtDFVFt69hi5DnxCrT2brgtDnUuDK9uKe6XFLGUS,107,0.0,0.0,0.0,0.0,0,0.0,
5Dqwt5JL2y6WD4EUiVhNzSbx45945teNVU8n9T4doicDhFYH,253,0.0,0.0,0.0,0.0,0,0.0,
5HDgo5aBcc4HFMkFBF2MtfUjhN7SA3LoqJqFfxssUELNThSu,39,0.0,0.0,0.0,0.0,0,0.0,
5C7kXmS2QgWminvrV9bJ3sxW8PWJqM5fAShBer5AGu9JgAgQ,85,0.0,0.0,0.0,0.0,0,0.0,
5CDP87B2xkWf2TdnUmPWw29xK5PatroAFTSvzFX1hfScR39q,76,0.0,0.0,0.0,0.0,0,0.0,
5HTh9BY7qzvL2r871tBAhwTUDMyv6X4iJBZTLUx4zjqPzw9H,150,0.0,0.0,0.0,0.0,0,0.0,
5FxupdBah7dBxJrpBD8iCWXpsriHac53uRifrsa4YX8w6468,205,0.0,0.0,0.0,0.0,0,0.0,
5ChV1YxovrSKid5hRRC3Ax3GLWqCT6LqGYSuKoLFYcmNuQaw,42,0.0,0.0,0.0,0.0,0,0.0,
5CRtZLMTqKDih1tn6qTyBg5HL2bCJR8PFFQJGaEDFWNJvPq9,237,0.0,0.0,0.0,0.0,0,0.0,
5HTn5NcpCMabvHysyESrNirifM4GQqQJSnBT64kM7qCBas64,71,0.0,0.0,0.0,0.0,0,0.0,
5HSq2U6CLCJx65nK2MBUwLttJS3wf4pFvMGhrgpiEVuLot1Z,151,0.0,0.0,0.0,0.0,0,0.0,
5FFA5k6c9u6cwefrPJ3HTmFeHVPjnbaVYcxAmiJeQDYrpxTU,104,0.0,0.0,0.0,0.0,0,0.0,
5DfNuujMBon9981Sbg4XiaNCjEWkYx5aLge7P2YQwGj5u3LW,210,0.0,0.0,0.0,0.0,0,0.0,
5E2HgKB8MKdCj9HQGP4JmbGBKnuYBgDhuLy1vjLSnoFVXewo,209,0.0,0.0,0.0,0.0,0,0.0,
5EU1eoc3XvXASqkPJ3ST5LRWsykFEUyXr8xyChogB4xj4hi5,15,0.0,0.0,0.0,0.0,0,0.0,
5H5yiZPYhn6wega6FRXSnFo2141pCNgjKdnLJEGu6LBAVX9k,247,0.0,0.0,0.0,0.0,0,0.0,
5FLoWCDovMPeH3Gv4syQSZ8TuKcMv6N27g8diDU8zJSeRv8m,6,0.0,0.0,0.0,0.0,0,0.0,
5F4rMv2uyj6fFsVXLS4ti2zPiCQUXNGQ5ovhHvJKmAs3ofvG,36,0.0,0.0,0.0,0.0,0,0.0,
5HB94P842C3dF2iRDv2thpwVZXxZRQhNb4CGYn91CL4HuXQf,3,0.0,0.0,0.0,0.0,0,0.0,
5CyACRMKRpVm5uCkGwDazSEyzG7Xwrjq7jXHLWZXnyRoJL8b,229,0.0,0.0,0.0,0.0,0,0.0,
5DHjMn3axy8erTVupPHGw29nQbPHEtFMDcWHggMmxsg3YFCm,58,0.0,0.0,0.0,0.0,0,0.0,
5GTVgSq61H4HF6vLop9Nv7Uuw6xxLjynyJwWTkFGagYtkCNN,45,0.0,0.0,0.0,0.0,0,0.0,
5HK6dGD8NcwWdKhZSqELVhbjFArJz5bB7urZKWGzc1CaYpCr,17,0.0,0.0,0.0,0.0,0,0.0,
5C7ULDdnpj2GfKuaJsVDBcDsYkAQUZgq9jMrhxMSkyEk1o8i,7,0.0,0.0,0.0,0.0,0,0.0,
5FXCy2cawSTHQegKeaRxPFr5UFPF2MzydaRGNsMoeJQHdhwU,222,0.0,0.0,0.0,0.0,0,0.0,
5EP7BQH49Kk7E7rTiX6DkVYLWwMCH9z3cPbTbc6m8VqtyGGR,81,0.0,0.0,0.0,0.0,0,0.0,
5HBt4e7RGQDdqBQtjBvHR9pLCazLPPRybm7YWHsN3wJkDQTK,32,0.0,0.0,0.0,0.0,0,0.0,
5E1Z8N7v4uN4x7tAmJWtLeEp5UHZfquvGuR2VeCDcthRay46,101,0.0,0.0,0.0,0.0,0,0.0,
5Chzt5zPWqXiYu2n1ZCV2xK9ntxDBbHQZPemYbh46X4ncDUG,166,0.0,0.0,0.0,0.0,0,0.0,
5GWxMFe2MZfN6oiWrhc7yReMjfVtDWZJ3dWp1CX8eHpNttt3,228,0.0,0.0,0.0,0.0,0,0.0,
5GQeKcmM3QUgtbHzJoQQ6jP4M4aaMY94LhydA6ur2TxTVfkV,98,0.0,0.0,0.0,0.0,0,0.0,
5D874e4ZpGxXBzw1RLPY2sLmCBnU9nxQjfAtDYcCRGYWDmBt,160,0.0,0.0,0.0,0.0,0,0.0,
5CzAk2Syj8WyimTr6fQMZLp3FMjDS6cjDXF3em3vQSqDwzYB,251,0.0,0.0,0.0,0.0,0,0.0,
5HpRdpAMLdxESMkewx2PVKAdv1Dvaj2VtKJoXaDwfR3bsEvV,232,0.0,0.0,0.0,0.0,0,0.0,
5GWKiiudZ5AePoLA6HxH9HwF3p8Q98o1Q6tRKepsp4EouRak,18,0.0,0.0,0.0,0.0,0,0.0,
5EKtvzbEvYZPRJdo42ug7mWrHdt4AurCNMs5CAefuBHfQmhq,0,0.0,0.0,0.0,0.0,0,0.0,
5DP43KenyT1PCkGmAteeyN9YSFVa6ZHdZSSaEbEPqaFYHXYB,216,0.0,0.0,0.0,0.0,0,0.0,
5E1qZJXapoZNvsqUM9Z2z8n17327af1CYaZ2LqxXxycXLVAE,139,0.0,0.0,0.0,0.0,0,0.0,
5EEfZuY6uhJXi64eCeMWr221grq2vk4stcMsWWUorTkzkeoS,124,0.0,0.0,0.0,0.0,0,0.0,
5HSrzDmYiTRf1m4YqbznRS72wy9iD1EgnX7VUKawSQ7VSQx4,38,0.0,0.0,0.0,0.0,0,0.0,
5GUMh9wSyEFZvNnNdc5NvkecVnqeMco7JHwDWV4fnWigngMA,28,0.0,0.0,0.0,0.0,0,0.0,
5FH66CVdsETLPdfVqmfS275fjigt211nm2mimohUwQGCKMmj,67,0.0,0.0,0.0,0.0,0,0.0,
5EqBqMAvjZnNQi1jf1tpZ2Zj9dtKAVaMLon8UfAR3aqPj6qU,152,0.0,0.0,0.0,0.0,0,0.0,
5CVYgPHaVjEFbHKWEDDHEY9sUdnhbjqkmGPbTKDDrYebePdW,126,0.0,0.0,0.0,0.0,0,0.0,
5HQL3o6PS6egdxSLvmyGqSGpwxh1ojXhKGjdRTHXiEDdcwZN,142,0.0,0.0,0.0,0.0,0,0.0,
5DnXbsrDRfjyN3tsPLLM4aduJrV7BiZ4RruA1CpMc84ncCsH,56,0.0,0.0,0.0,0.0,0,0.0,
5DCyemiY2KBd3b4hhVLGYmM99MNZgNNZk6VNPVcvrPYMXt9C,75,0.0,0.0,0.0,0.0,0,0.0,
5HWEdB75oQN8WnbmuUxF9AYeZ4aXAFFLjL7WHQ7wNMmnwCv1,200,0.0,0.0,0.0,0.0,0,0.0,
5GGbj2uwFXs5tVPJhmSKDxcaT4fFhbyNAky7AgUemhTjBYAp,215,0.0,0.0,0.0,0.0,0,0.0,
5FZdeBT7vrCLGEKW8FDhpiT2c1hXg9E1bibQLgGShzbWbrZZ,201,0.0,0.0,0.0,0.0,0,0.0,
5DUEMEBMP64qHfR8YKRBtNS338uegXdAqq4sDZN95Mi64MUV,84,0.0,0.0,0.0,0.0,0,0.0,
5Ci5t4vPK3eCGhFWneB58fodg3x9oS2m8seKoDApFKUqyw4e,127,0.0,0.0,0.0,0.0,0,0.0,
5FUgbsrUsqdaH5AusRZHhXfhcPaWAbaennkegLKPjnkc56CG,48,0.0,0.0,0.0,0.0,0,0.0,
5H93dHnKR1cMaWmzcYm4d5ZtSiiRQ5QnegBR95zGqdWmB7Hs,189,0.0,0.0,0.0,0.0,0,0.0,
5Cg1KVT1YzYBzVAbJPcj1oWXmWYHb2AeKvnJ4eCaR1mH5eTG,220,0.0,0.0,0.0,0.0,0,0.0,
5HB67c61fvbJc7m5Yf6XPRS7zuDqhXMXRj9fHDSotztLSpY1,49,0.0,0.0,0.0,0.0,0,0.0,
5HBK3g2PURYZ99ufLRCfoqEga6ScT8KzVerxk54BELF7hZvu,165,0.0,0.0,0.0,0.0,0,0.0,
5FLLxs5z9zDkiRBW9ThT4htaVTFb5z3HG5naM1cwGW6HvLD6,72,0.0,0.0,0.0,0.0,0,0.0,
5GQcM9DVh8N4iAwDDQirL8j8VY5DJXR51QiPispRWmbwNP38,91,0.0,0.0,0.0,0.0,0,0.0,
5FpxsgcX9nXBbwkGs8ZNuTXcixCPv8nBYjFQ1kgezhjAzZyx,64,0.0,0.0,0.0,0.0,0,0.0,
5H3ihF7NwF4sGmCYeXFNJ4pT2HHGZJzVzxbVeBSiqAFF3Nz8,239,0.0,0.0,0.0,0.0,0,0.0,
5EtWcAz8m7u8J9LSRGSybSP9CxU4f4ZYswSwhJTtzfyHwguY,144,0.0,0.0,0.0,0.0,0,0.0,
5D8DwsFrRhrgdoCgoXGkjcs7NtfM79rpzdSfiyJ2qYi72D85,89,0.0,0.0,0.0,0.0,0,0.0,
5G1NjW9YhXLadMWajvTkfcJy6up3yH2q1YzMXDTi6ijanChe,69,0.0,0.0,0.0,0.0,0,0.0,
5EUhUzVw2hC5okDipfR1B2vtDErgfaFkEkK2LwjyK4qpJc3b,50,0.0,0.0,0.0,0.0,0,0.0,
5DxseuXED8m813sX21yUTpTQVCkTKaXYQ8uqttTj3stoiLQH,224,0.0,0.0,0.0,0.0,0,0.0,
5HMe9gQobn753gZKvSnieL24aJF6QCm7QHAdHEj2f2PpXv8b,47,0.0,0.0,0.0,0.0,0,0.0,
5Di4imNtTQS1qVAgF71vYQS1Xazdfg3jdBuxgmFjFU7a63sb,73,0.0,0.0,0.0,0.0,0,0.0,
5CerCWxuYmRRhxS35EfXRshpzgX6xY6zqzX8b6pCECyqgWht,61,0.0,0.0,0.0,0.0,0,0.0,
5ECwnUM38pQtzgtLH8AcFAhmGUk5LvHiKKQVd9zCDX2jiykC,244,0.0,0.0,0.0,0.0,0,0.0,
5GQjgqKPGb76jY1MmmxCJTTaAkUEDXMAkX4h39v247bFnLph,122,0.0,0.0,0.0,0.0,0,0.0,
5Fk6jksEEuQyJyJec6CHW3qwNMGP9fuiwVzguVhUdhjZyyLY,12,0.0,0.0,0.0,0.0,0,0.0,
5CChYaencw5dp1gVkE1mjLVTpZBMt2ZjJQbxisUbzma6HHwU,194,0.0,0.0,0.0,0.0,0,0.0,
5FecqXhFaDH1b3aHUicugyf2W6iu2eqnXreDQvZkEvtGwv2V,123,0.0,0.0,0.0,0.0,0,0.0,
5HE7d4Ws9sV1n7WCVKoZLyf6j5nRHvLhV2A5FurCta46A6Ey,227,0.0,0.0,0.0,0.0,0,0.0,
5E5DrPjvzmSeuff5i8tfNcG7MUcqJDLP2b7gXB62A85S48Ro,57,0.0,0.0,0.0,0.0,0,0.0,
5Epwbyif7k8Gi2dioBo5yy6ppi9aL5BsBisH6yyQyc7poRmQ,138,0.0,0.0,0.0,0.0,0,0.0,
5E2KK6DQv8VjgunR9QZfbTCTBuaq3Zf7gG4KcDzaR8mKitKR,19,0.0,0.0,0.0,0.0,0,0.0,
5HBYrtiUR8pRGj4ZvU2qbWoKKchrHqnHHWio3JbpSt71jpxL,60,0.0,0.0,0.0,0.0,0,0.0,
5Ek5RajKWP9i3jf4t57Zg5AgNCNn7qF3zMSndTsqMdXFh1rc,105,0.0,0.0,0.0,0.0,0,0.0,
5DhzqmmkD99d8MFbEEFgtQYSUWyYHRLNJKpVjYQFn5d6hJsv,148,0.0,0.0,0.0,0.0,0,0.0,
5CaMWsE9urva1TT4xLTK2oBTpdni7oQibqrq5uXojdcLtmvv,242,0.0,0.0,0.0,0.0,0,0.0,
5DvibLM6VQ6QrG19D3bCEJcTxwsEcUN1ryji5VGFMzDkm1jL,147,0.0,0.0,0.0,0.0,0,0.0,
5GzhWTXprfo9BVL6rpLSEnnnmeTc6jHUvtXJknut6sER6orc,130,0.0,0.0,0.0,0.0,0,0.0,
5HH7PpodoTBiTjRWmebNaDVd75MBbbgFQKziYwnKPsZa4FAE,190,0.0,0.0,0.0,0.0,0,0.0,
5CypZ9mEKzfKXBfwBknNyigYtLZ8o5uPgNmQpfoDxt1iczVX,176,0.0,0.0,0.0,0.0,0,0.0,
5CkrWmAwCRNuN6qNj6rYWPeWEQUk7y6jC1kUQ8y5kie3xDwi,154,0.0,0.0,0.0,0.0,0,0.0,
5E4mJZeR9odAPtsjTg2wGuGrqtonsnzF3Sp4XeiHs7Pj1AGm,172,0.0,0.0,0.0,0.0,0,0.0,
5FqcdX3ZQNRoaVxRPcKu2ZoJSDF2RpTXoSLManiSMGkssdbr,88,0.0,0.0,0.0,0.0,0,0.0,
5HbH7y5UzirwtyJyGkD4bwK84BPkFGYMiB81vjrtsVMxu2kZ,108,0.0,0.0,0.0,0.0,0,0.0,
5H9GwKiPtCX9hmJpZdHvSbfC95c77U9LXcXzefvm2ciQLfh9,110,0.0,0.0,0.0,0.0,0,0.0,
5FkJZyYGYfXcjZ5x6hwvE7inyu1q9eHH5f3Bj4Rv6pLf8ars,44,0.0,0.0,0.0,0.0,0,0.0,
5FNG5G4BV4FSQM3aEgzjVfzaPuF9dTRMVDg5nv39PczjaAUz,204,0.0,0.0,0.0,0.0,0,0.0,
5FggVB3kafX8s3RWU7DfRiWEyXEK3TpppFXJQDoY6f9hUisf,10,0.0,0.0,0.0,0.0,0,0.0,
5C51kstnwjx7VXRtvfJdv3ETCuuaG8c88GTw8PzgfQxH43it,77,0.0,0.0,0.0,0.0,0,0.0,
5ES8dbR82DueBMDUo15BxHUSmtwMjy2WUnbTjsEArK4Cdxk5,25,0.0,0.0,0.0,0.0,0,0.0,
5EKtUn8iLXSGcLQwVLXfdu8rNjLUkpQKAjjUCCdYYTHPe5zH,115,0.0,0.0,0.0,0.0,0,0.0,
5HTouVdG57WTnNM6nXckpXbBiwL2EJwxRd3qKKeuMHnzf6ua,230,0.0,0.0,0.0,0.0,0,0.0,
5FFZeTm3bXete1rXq27MuvH1MgFB1YsWafQvHuDNRjfRQ8BW,132,0.0,0.0,0.0,0.0,0,0.0,
5DvcFNQJ4svqFbeZ5SWDCbny1Tzp9GbafsTKXcKxX4z4Naya,214,0.0,0.0,0.0,0.0,0,0.0,
5FNo2V8x8veRddGgCNAC5Qj32kwU45awZLaH8VkkZPimtJpw,208,0.0,0.0,0.0,0.0,0,0.0,
5DnnRTb6mcprDgxJ5bt2fGiPRhdSg4RjhHCQ3oLGV6aYvnqp,100,0.0,0.0,0.0,0.0,0,0.0,
5DZeSzvNMsaKws1STzoXa2JzsEuSwJc21czbAS98U5wcaRKc,203,0.0,0.0,0.0,0.0,0,0.0,
5GrtPYksRabVGpd9z1V9pe1GXGcrXtvzTs5EiDTBBfkf5Ywh,9,0.0,0.0,0.0,0.0,0,0.0,
5DUV6xhArS6fG2WB3W6ypFHZLaBg4ccJesCkCvCs1TqK9b1Q,249,0.0,0.0,0.0,0.0,0,0.0,
5EWMYUWBHZh9aLmjvtXCGFPrzTsKKZAqgyDhRE3JfmqGBzcw,179,0.0,0.0,0.0,0.0,0,0.0,
5GYxE84pUkiQQguX3wg4vkUTAX5PEuSzdXqHFg9uA34EMtjo,80,0.0,0.0,0.0,0.0,0,0.0,
5DHnVY4U6RtBzjmXmKZryum5XAwCRYnYeQqzNi6v2R5szLLA,219,0.0,0.0,0.0,0.0,0,0.0,
5HN3u9aYVpfn3hvjDU4mQgxvgpqvoxw9RMT7ofjG15UX83po,191,0.0,0.0,0.0,0.0,0,0.0,
5FGwULP8iqYHpYtoiET4DdeVHvEP37UK8zRdk96kxHdvdBkJ,233,0.0,0.0,0.0,0.0,0,0.0,
5DZrHRD5yC8ZaQCiv5GxGxAjt2JEBcS9DbQN1uq7d7y75XBg,149,0.0,0.0,0.0,0.0,0,0.0,
5GxQXJnKdNNN6Xa4FzfCfUysNiTUjd18aJdGZ2APQ5VM57Z6,196,0.0,0.0,0.0,0.0,0,0.0,
5G16pKKvxfmktkPySMHd3eWsRPqF2CEhuLZcFTfUTtWnKJMT,171,0.0,0.0,0.0,0.0,0,0.0,
5GzsA9CgjmzqhwG4UP2MEiGMXDYQbvPV3GX837DTpRK4Cb8y,74,0.0,0.0,0.0,0.0,0,0.0,
5Hajd4jHpN6ds5QqAu9ukQwXdWzuctz6DCUDG5gce56ws9mi,87,0.0,0.0,0.0,0.0,0,0.0,
5HKrusfyqPkGTdBeAEf3vzq5PHjzmZDqNwySByQPWWFE1z2v,186,0.0,0.0,0.0,0.0,0,0.0,
5E2LP6EnZ54m3wS8s1yPvD5c3xo71kQroBw7aUVK32TKeZ5u,252,0.0,0.0,0.0,0.0,0,0.0,
5F6WTRrTCaFpLXxuWe1Q1bepz9isp2QzbXsLWxWBLBFW6M7L,164,0.0,0.0,0.0,0.0,0,0.0,
5Di6SmX51U1D1M4maStczeLByuM3doRYQiUYffZ2Gx4fcKiX,96,0.0,0.0,0.0,0.0,0,0.0,
5FjZTkxKSbkZZ6ssyN8viZ5JqG6TwtLWbpStbNbW7jWV2hso,119,0.0,0.0,0.0,0.0,0,0.0,
5EL3PzykRz7QR9a1NLZFeWWrwJT19Ehv73M7tsDiVVgcDERJ,21,0.0,0.0,0.0,0.0,0,0.0,
5CvgWw3dZmbeds77NUqWgoN6CEHmKoswyVj35byXh6ho2szP,192,0.0,0.0,0.0,0.0,0,0.0,
5Cr1zR9MznWbqyfLrSEDjg2ookxEcQNH3p6PGJATxkiRdNKh,235,0.0,0.0,0.0,0.0,0,0.0,
5DRvxuNrsAFs33XtASnBbZ2ErmjS9FsVqvxBSrE4rEEggCXB,20,0.0,0.0,0.0,0.0,0,0.0,
5C7ZcmbwrAR3fTE7j27EnihJfkmsyn4wRD6JKKVdGjbBsn64,8,0.0,0.0,0.0,0.0,0,0.0,
5CSPjcZn61acE52G28CUMPHKdHh7D1yxzwCefpfSpYaB9vg6,11,0.0,0.0,0.0,0.0,0,0.0,
5FKuhizq8gmgQm9rvrUf85jA1bQi3An7Bz7Xdvvcc7PxWbDC,198,0.0,0.0,0.0,0.0,0,0.0,
5EXbNLsYxwv7utyuBGtUPrKYfHujFcCe1zRHwpunJpzY5h1p,99,0.0,0.0,0.0,0.0,0,0.0,
5Ea3ad5vuxRtKiXGqWBQo5cZHrvZynf2XNbtjxKnMbepsVch,5,0.0,0.0,0.0,0.0,0,0.0,
5Ey68qeXWMeaiUsTfgxWiCdbYEJt3M1qmKFbq12qB7pE6gvN,43,0.0,0.0,0.0,0.0,0,0.0,
5C8Kbd2y4SC12KtskTtqiv8KePXR25XfSPYUkZcoRtCxVFdV,53,0.0,0.0,0.0,0.0,0,0.0,
5D9wtap7FJiGqnS5paUdWN66ev2sY39ToDRCKXYEcahwsX1F,143,0.0,0.0,0.0,0.0,0,0.0,
5DhoUwCbnF9TwQY1zyJC4s3SgE77bkwwzci76AzJTuVe8ish,86,0.0,0.0,0.0,0.0,0,0.0,
5HBLYckghNHGpEeCR4cv3P65qH3DLrFtKyfiCGzF1bEJ6ojE,117,0.0,0.0,0.0,0.0,0,0.0,
5CG17U5xRU2h5TUVkL5UPFZSrsNGibh89gRPEWVYWUfDKX5R,195,0.0,0.0,0.0,0.0,0,0.0,
5DLPCuLRBDjDfKEdBR8dBG3aFCeheZiE8vfY9U3SRRDGyjCX,243,0.0,0.0,0.0,0.0,0,0.0,
5Dq9nMUsfQFu6PEWjruoN1obwyvXKqCNfdX6LuN4wGpbxurk,173,0.0,0.0,0.0,0.0,0,0.0,
5F4Q3cA8EvApwhBj4eLjbb1meiLtzKgWhkF5JLRMNhRfqULc,59,0.0,0.0,0.0,0.0,0,0.0,
5EHEVR9kymJN932VwV25fdNtTCCPDSQfL7PVtnyPkmUT6MfX,231,0.0,0.0,0.0,0.0,0,0.0,
5DUqV6LkzgGjaGV91uxU3B4GBQHFqqWuRZuQw4htBRFXRmpj,23,0.0,0.0,0.0,0.0,0,0.0,
5CnoEqrc7fQ64vKgvhh94kU2ZWZK6MxqwCQSY6ChGXVH7Uid,116,0.0,0.0,0.0,0.0,0,0.0,
5FLNuUCCHhRJyJsGQh7tDMDwyLWEBzmzX85v65KmtiQN8RHi,183,0.0,0.0,0.0,0.0,0,0.0,
5GU9cZhDVZ1a9zFBg4bvZ1NYVe3XLvbF1cbDVCCMnwBAPd44,187,0.0,0.0,0.0,0.0,0,0.0,
5CSd5AR2k5FbczFV85tmcf7PMrDGKS3jEw41eggHbRWcY9jR,97,0.0,0.0,0.0,0.0,0,0.0,
5G6pXPH7QDxYjSP18eZ4si2xLK3GT9eLd9VxdZuewTb2SsBU,161,0.0,0.0,0.0,0.0,0,0.0,
5CP5W7azxgh2465B97vrtsREDerwM1ZFhnPpNh2YJZcJU9pm,225,0.0,0.0,0.0,0.0,0,0.0,
5HayMZWg9pHDWr8Roauxz9UpXYmJSaNuJrQzVHvB5xGua19A,168,0.0,0.0,0.0,0.0,0,0.0,
5Eo7RenGxhqjKhi5LTLs3sRRrYREMVMiRPRQzKeDNADBoRmB,113,0.0,0.0,0.0,0.0,0,0.0,
5GTugoBSaYfNfWKk3ifsc5eafyhvwfSTMmRDon9saMhEtVbA,131,0.0,0.0,0.0,0.0,0,0.0,
5DVE6LStNcS8BN2U5Z7pCj6oeYScKNSTzCDUg2uJ3RCqDLH8,202,0.0,0.0,0.0,0.0,0,0.0,
5EqRxhsFVvFvEgNhtMqVRqEfkXQ4whJfckPDoEeG1RSQ1eAk,226,0.0,0.0,0.0,0.0,0,0.0,
5HpgdbY4iEN4ZEon3iZvCiiVjvBmHv2WZ5qPXAUGZ3N7kMKe,40,0.0,0.0,0.0,0.0,0,0.0,
5Dt7HZ7Zpw4DppPxFM7Ke3Cm7sDAWhsZXmM5ZAmE7dSVJbcQ,1,0.0,0.0,0.0,0.0,0,0.0,
5GGmYauPkzRFpzYbW5JkLREkeDvusyLduzQgQEGW4ukEuUda,246,0.0,0.0,0.0,0.0,0,0.0,
5CUxi4yMA4386q2tGvjfC5V7AuLehvMdUMzRdawmiEWxscmU,223,0.0,0.0,0.0,0.0,0,0.0,
5GvQobvQQsZm5LCwGbznFir2MFn8aPtjexy4piXMV7reur1h,2,0.0,0.0,0.0,0.0,0,0.0,
5D7hgR7Q9JzTh4HZV3NYZ4H8XZcj3AF8tyZFf2i3Dp3ta5C1,241,0.0,0.0,0.0,0.0,0,0.0,
5FCwje92H4Lsm1kDCTPD5U6CcirR9UTVMUwfBVZ8oM7qBjCC,146,0.0,0.0,0.0,0.0,0,0.0,
5HWfcvxmCgkohwtaQVzF5fJmqozQ9aBf9D5M9fsnDjMkc4tn,174,0.0,0.0,0.0,0.0,0,0.0,
5CXJ4LWSasjCeTJpHvFg17ZRWsVe6UTdX2RSVVSkWQgK5fmz,213,0.0,0.0,0.0,0.0,0,0.0,
5G9hfkx9wGB1CLMT9WXkpHSAiYzjZb5o1Boyq4KAdDhjwrc5,234,0.0,0.0,0.0,0.0,0,0.0,
5FCFHNcJgPNegccZZ4rbKsyEi2XkE3RNCUmZH6qu6J1yCEkX,140,0.0,0.0,0.0,0.0,0,0.0,
5CkNCtBJRDGrLUso1K4gjDmXqG9fXTA5eyJGRNo5s2LBgjg4,236,0.0,0.0,0.0,0.0,0,0.0,
5Cr5MTZvLempoK2bZW5FpB82f6ytmkM8mVhdXHv7wu68mW9h,250,0.0,0.0,0.0,0.0,0,0.0,
5FbXcHSJRnPYUqgGyDThFwR1KEe3w5sZ9n4wsSGS2mheYxma,180,0.0,0.0,0.0,0.0,0,0.0,
