hotkey,uid,is_validator,tv,age_blocks,blocks_since_update,invocation_count,compute_seconds,chute_diversity,avg_tps,avg_ttft,pass_rate,seconds_per_invocation,efficiency_tier,invocation_share,compute_share,weight_share,emission_share,dividends_share,stake_pct,emission_trend,invocation_trend,quality_score,delta_inv_emit,delta_inv_weight,delta_quality_weight,delta_quality_emit
5H3UYKupFLedAf2bWmpmMFAcpKRu6H1pXDubdHxnHC16Pag7,197,False,0.0,269095,3091925,0,0.0,0,0.0,0.0,,0.0,N/A,0.0,0.0,0.0,0.0,0.0,0.0,,,0.0,0.0,0.0,0.0,0.0
5GRbxcRk3x7DqTsyi9ucGVsF43hrSLM7CXmiSWjr7UeKCdXc,159,True,0.9632715582847595,608228,67,0,0.0,0,0.0,0.0,,0.0,N/A,0.0,0.0,0.0,0.0,0.03085656794511284,0.03298694330532949,,,0.0,0.0,0.0,0.0,0.0
5ECXpaSqtxriV8UqRWTpc9H73ZootcDNP2HvAArrGjcc47dq,167,False,0.0,51288,3134673,0,0.0,0,0.0,0.0,,0.0,N/A,0.0,0.0,0.0,0.0,0.0,0.0,,,0.0,0.0,0.0,0.0,0.0
5EcWvNEwSSMxK29e1Rz2CbtJHPWLXM4jdL9HKBDx9dTH3om1,178,False,0.0,462169,3130675,0,0.0,0,0.0,0.0,,0.0,N/A,0.0,0.0,0.0,0.0,0.0,0.0,,,0.0,0.0,0.0,0.0,0.0
5HKEt93ZzuA6Kq8Ss9jxM1uxf1U6tp1aF1Sk7B8z5MDECQc8,238,False,0.0,125327,3073071,0,0.0,0,0.0,0.0,,0.0,N/A,0.0,0.0,0.0,0.0,0.0,0.0,,,0.0,0.0,0.0,0.0,0.0
5Cu5vCLqct58ZugWfgfW88LZcQ11sgzYkKjyALFAbxzsjqgy,133,False,0.0,363793,3171714,0,0.0,0,0.0,0.0,,0.0,N/A,0.0,0.0,0.0,0.0,0.0,0.0,,,0.0,0.0,0.0,0.0,0.0
5ED8ahWxXn6NTZ2Ys3TZ8Ej7SuoWMj9y7fHsuqLjJsjTvJv6,184,False,0.0,181860,3129431,0,0.0,0,0.0,0.0,,0.0,N/A,0.0,0.0,0.0,0.0,0.0,0.0,,,0.0,0.0,0.0,0.0,0.0
5Gga5pgiWheibnvJfNzxpnmt9HNeqjDaUoz8Fk2bePATRFEG,155,False,0.0,162597,3141280,0,0.0,0,0.0,0.0,,0.0,N/A,0.0,0.0,0.0,0.0,0.0,0.0,,,0.0,0.0,0.0,0.0,0.0
5FXE4pTFx8nQn5M22xH9FFM93ZnKNCdnNxC6n2F2g4RoHgJK,248,False,0.0,220047,3071992,0,0.0,0,0.0,0.0,,0.0,N/A,0.0,0.0,0.0,0.0,0.0,0.0,,,0.0,0.0,0.0,0.0,0.0
5FEqkBXYvYxWA4yvGBMPuAcXA8Egj44KbtQkyzFRRMe3zir5,145,False,0.0,441757,3170270,344176,2453037.68,10,15.430431046066749,3.929193110040579,,7.12727697457115,SLOW,0.010304670658682635,0.011972002226780076,0.021378701510930027,0.02181146665603204,0.0,0.00023952907803291904,,,0.008623591736948336,0.011506795997349405,0.011074030852247393,0.012755109773981692,0.013187874919083704
5HbQpEgwCLiEGJyKjsgRN812yuVdDa5QCQ4yTaT86WWmj9mb,4,False,0.0,210386,3430716,0,0.0,0,0.0,0.0,,0.0,N/A,0.0,0.0,0.0,0.0,0.0,0.0,,,0.0,0.0,0.0,0.0,0.0
5Eyg6h4jfRbp3zbZRakMrVzy59DSRAJV6dBmFnMQ5QK4TTfd,78,False,0.0,469023,3249425,0,0.0,0,0.0,0.0,,0.0,N/A,0.0,0.0,0.0,0.0,0.0,0.0,,,0.0,0.0,0.0,0.0,0.0
5HjJF6zWzggE7DjkR2vY3jgk8W3En6h2DzRnNS5T1A76MTv3,245,False,0.0,215501,3072353,0,0.0,0,0.0,0.0,,0.0,N/A,0.0,0.0,0.0,0.0,0.0,0.0,,,0.0,0.0,0.0,0.0,0.0
5CYAKnDyqToTANGVbghrrWHoH4Cxtft1XcYoKjT5SxYfbXTF,137,False,0.0,273032,3171350,0,0.0,0,0.0,0.0,,0.0,N/A,0.0,0.0,0.0,0.0,0.0,0.0,,,0.0,0.0,0.0,0.0,0.0
5HRBa18KUVcPJLvoAPCGZE1DwrjyVFjtd3KWXARhYAp1xGSv,92,False,0.0,27538,3210598,1317,505.52,2,0.0,0.0,,0.38384206529992404,MID,3.9431137724550896e-05,2.4671804330709927e-06,0.00016491174073197986,0.00016789791849595027,0.0,3.258617876033027e-07,,,0.0036826788862509507,0.00012846678077139937,0.00012548060300742895,-0.0035177671455189708,-0.0035147809677550006
5FTTmFS2itGuCbXf9ZWtDn8sA7E4fD1BQ1k9hWg7ZBK9m5vr,175,False,0.0,283851,3131590,0,0.0,0,0.0,0.0,,0.0,N/A,0.0,0.0,0.0,0.0,0.0,0.0,,,0.0,0.0,0.0,0.0,0.0
5GNNnMKcvJWGcc2hzbhvXmWxNDLo6gFsZVeQiRhzMxq5hjpZ,129,False,0.0,60929,3172075,0,0.0,0,0.0,0.0,,0.0,N/A,0.0,0.0,0.0,0.0,0.0,0.0,,,0.0,0.0,0.0,0.0,0.0
5CdUej7yMEpyktRP9ZMsPg3gc87GTBPDCK74hQ5poTHPMif3,255,False,0.0,469036,3071263,0,0.0,0,0.0,0.0,,0.0,N/A,0.0,0.0,0.0,0.0,0.0,0.0,,,0.0,0.0,0.0,0.0,0.0
5EfJvLMWQeCeCvqr2s4UwYEGc2Q9mbJwaYNVpPbxbyh64eFf,136,False,0.0,48725,3171353,0,0.0,0,0.0,0.0,,0.0,N/A,0.0,0.0,0.0,0.0,0.0,0.0,,,0.0,0.0,0.0,0.0,0.0
5G6kS8MfjN1Hcgb5h6VgrNb29XYGsvBPbK38XkgC8VfEir5V,35,True,0.0,5694,3345592,0,0.0,0,0.0,0.0,,0.0,N/A,0.0,0.0,0.0,0.0,0.0,0.0006605840325794379,,,0.0,0.0,0.0,0.0,0.0
5DhniERsRJXPgUx7rMCbwrGfxZDk3kHMhtiGTBNHTF3BkdpF,206,False,0.0,270129,3082431,0,0.0,0,0.0,0.0,,0.0,N/A,0.0,0.0,0.0,0.0,0.0,0.0,,,0.0,0.0,0.0,0.0,0.0
5Ca32LwMizgx7VGESpkuRCYTsHZoVc9JX7gUML2enXSqpk3R,94,False,0.0,339442,3205337,0,0.0,0,0.0,0.0,,0.0,N/A,0.0,0.0,0.0,0.0,0.0,0.0,,,0.0,0.0,0.0,0.0,0.0
5ECA8dQkwJMd4jKTSZHXS19SRZ8N1wQyiXFbr7o2Dy3Rjmzy,125,False,0.0,144119,3172789,1985933,14627364.29,13,15.895350308500818,3.7710142828856443,,7.365487299924015,SLOW,0.059459071856287425,0.07138856417884432,0.039744910268727424,0.04060076845015531,0.0,0.0,,,0.03251699830659927,-0.018858303406132114,-0.01971416158756,0.0072279119621281515,0.008083770143556039
5C61LbuMR2Feq3qMfgYo7HLCwuwTWBpwkM6M38nLA54zJ4FD,93,False,0.0,214335,3210073,0,0.0,0,0.0,0.0,,0.0,N/A,0.0,0.0,0.0,0.0,0.0,0.0,,,0.0,0.0,0.0,0.0,0.0
5EYwugTFZT5wLdwPKy4Cjyp4cshbWn4SYsrcEPsHEcfS8pcQ,68,False,0.0,866205,3261097,620,137.78,1,57.91410161290323,1.2458191881918825,,0.2222258064516129,FAST,1.8562874251497005e-05,6.724325844052093e-07,4.211349942320249e-05,3.052689427199096e-05,0.0,4.0847328915389705e-06,,,0.005412988180153411,1.1964020020493953e-05,2.3550625171705484e-05,-0.005370874680730209,-0.00538246128588142
5GZLFWNqjJiddUDcGkqMKPW7Mcy2A1aWj7DrtX62TkhGNcE3,141,False,0.0,251756,3170635,0,0.0,0,0.0,0.0,,0.0,N/A,0.0,0.0,0.0,0.0,0.0,0.0,,,0.0,0.0,0.0,0.0,0.0
5CwXCdbJy1D4MZVA3cNQzqJAxA8FRcg9TdGshPdAKRjkDJv4,134,False,0.0,148409,3171713,0,0.0,0,0.0,0.0,,0.0,N/A,0.0,0.0,0.0,0.0,0.0,0.0,,,0.0,0.0,0.0,0.0,0.0
5DU9EKEVhj8jrcFGNJ2zN2CZKTWFmLAR7UmB1R9Q1e4BFd8s,182,False,0.0,129866,130713,0,0.0,0,0.0,0.0,,0.0,N/A,0.0,0.0,0.0,0.0,0.0,7.503352625225172e-08,,,0.0,0.0,0.0,0.0,0.0
5FLPUs8Tef8JexZig4bHA6sGvgcT9AbsiCvZMWKHRKrTV1ZE,217,False,0.0,85915,3078475,0,0.0,0,0.0,0.0,,0.0,N/A,0.0,0.0,0.0,0.0,0.0,4.864442284475823e-07,,,0.0,0.0,0.0,0.0,0.0
5EPkXvUcEkSpWGLF6oA51N1f8nuYd7BnqdAikV8YL9DcJ8w6,79,False,0.0,70408,3248410,0,0.0,0,0.0,0.0,,0.0,N/A,0.0,0.0,0.0,0.0,0.0,0.0,,,0.0,0.0,0.0,0.0,0.0
5ExyZuctGkEH3rQDFvxpDgR3qWdjeGsoDngR4qakTauw7VUb,199,False,0.0,115295,3083875,0,0.0,0,0.0,0.0,,0.0,N/A,0.0,0.0,0.0,0.0,0.0,0.0,,,0.0,0.0,0.0,0.0,0.0
5GbSHDKA5PCxcKxuBmHTg3tRCYnjBDvxAPGjvttsLEWFQEbX,82,False,0.0,162598,3231627,0,0.0,0,0.0,0.0,,0.0,N/A,0.0,0.0,0.0,0.0,0.0,0.0,,,0.0,0.0,0.0,0.0,0.0
5HWJ43ER6SnpnMgubNXKQTRUtxnXHHo4s9jtAyR2FRTfxGkR,52,False,0.0,358108,3313656,0,0.0,0,0.0,0.0,,0.0,N/A,0.0,0.0,0.0,0.0,0.0,0.0,,,0.0,0.0,0.0,0.0,0.0
5F1pnsCfVF2dxu3bg2NzPPD4L2Dui1ckakMaUmcZTEzHpVXS,211,False,0.0,303745,3079121,0,0.0,0,0.0,0.0,,0.0,N/A,0.0,0.0,0.0,0.0,0.0,0.0,,,0.0,0.0,0.0,0.0,0.0
5E6mcjqGEVYMvT6R6hgk4XJ5bdqT3vRKyC1dTSKAnsN1MtQd,83,False,0.0,68499,3225174,47,2.12,3,84.68738461538463,0.9700909090909092,,0.04510638297872341,FAST,1.407185628742515e-06,1.0346618369422586e-08,7.871682135178036e-07,0.0,0.0,1.7953542412818205e-07,,,0.025917474541343802,-1.407185628742515e-06,-6.200174152247114e-07,-0.025916687373130284,-0.025917474541343802
5HmbMYDPtGBb4v2N7xDUu4n1P2GjL7QDEk2KEpBbNN1cnMQN,63,False,0.0,267919,3283259,0,0.0,0,0.0,0.0,,0.0,N/A,0.0,0.0,0.0,0.0,0.0,0.0,,,0.0,0.0,0.0,0.0,0.0
5Eq27KCL4D4sKADDttbuEDWHtdJKWRkSmPKLqc5Tf3So9M9N,24,False,0.0,267275,3374378,0,0.0,0,0.0,0.0,,0.0,N/A,0.0,0.0,0.0,0.0,0.0,0.0,,,0.0,0.0,0.0,0.0,0.0
5GmdiSWwzRi91v8WsCw9x4Cn4sYUxXCPAJm9M9cUdM8qiHr2,65,False,0.0,146402,3281327,4547221,33368307.89,6,14.346869650359352,3.8462817187476945,,7.338175973853041,SLOW,0.13614434131736528,0.1628533714015201,0.04355913384732794,0.04446242127425667,0.0,6.475948495802286e-06,,,0.06498252837644221,-0.0916819200431086,-0.09258520747003735,-0.02142339452911427,-0.02052010710218554
5EP4LAecycmYdKKCG2RmHAhkXGLUm9iWT1NyJAqM2nJefHZL,156,False,0.0,450373,3138377,0,0.0,0,0.0,0.0,,0.0,N/A,0.0,0.0,0.0,0.0,0.0,0.0,,,0.0,0.0,0.0,0.0,0.0
5EC9E95FpaziGkfD9Ngp4RREv1RTqfXG3HSAcETdaoieW8Xj,33,False,0.0,285005,3345603,0,0.0,0,0.0,0.0,,0.0,N/A,0.0,0.0,0.0,0.0,0.0,0.0,,,0.0,0.0,0.0,0.0,0.0
5EWrz88b7uRthFVNqSvHxkZ19zso2eVEYP8tF92rFG6wCN5W,212,False,0.0,102822,3079120,6353,289.73,14,75.37616981132076,0.32895454545454544,,0.04560522587753817,FAST,0.00019020958083832334,1.4140215755532103e-06,0.00020112147855379882,0.00021368825990393672,0.0,7.336145317795271e-07,,,0.029886581032200737,2.3478679065613373e-05,1.0911897715475474e-05,-0.029685459553646938,-0.029672892772296802
5G9ZaF89zKeLU4AtTYJjT8dBttW8cR3W7kZnb1QBqTYnaVMy,163,False,0.0,348656,3137873,0,0.0,0,0.0,0.0,,0.0,N/A,0.0,0.0,0.0,0.0,0.0,0.0,,,0.0,0.0,0.0,0.0,0.0
5DXPu7dQYH2eKbJ52RPKz5JzzFX7r4u3pkJwq4WYxj7c2hmB,193,False,0.0,393683,3101188,0,0.0,0,0.0,0.0,,0.0,N/A,0.0,0.0,0.0,0.0,0.0,0.0,,,0.0,0.0,0.0,0.0,0.0
5FhLFuwL2wR89GBu37Sr7ZvTaWN9x91LAT1zXTkKRh6kaTyq,102,False,0.0,129631,3182541,0,0.0,0,0.0,0.0,,0.0,N/A,0.0,0.0,0.0,0.0,0.0,7.179151303686693e-06,,,0.0,0.0,0.0,0.0,0.0
5CSa1rZAzh8Nf9nT9wMBghE6DPzTFoEdWZaRXD6mdVBkVJhw,207,True,0.0,1363061,3082427,6573859,41105737.84,84,16.41449706577307,5.335993383012605,1.0,6.252908351091802,SLOW,0.196822125748503,0.20061574633208165,0.3353159476737802,0.3199829122801579,0.0,0.0004448647149646184,,,0.11308353019925811,0.12316078653165491,0.1384938219252772,0.2222324174745221,0.2068993820808998
5CAAxTpdKUAkQ28aYAPABGXxSGpAkQ6u8jQPwmg5mMaKpQ1C,46,True,0.9591974020004272,2818571,30,0,0.0,0,0.0,0.0,,0.0,N/A,0.0,0.0,0.0,0.0,0.06964855570026822,0.07101225363181612,,,0.0,0.0,0.0,0.0,0.0
5H8meiRCEsxTfan2aRfnNwMu1Q9CMwQwU6jWbPDRgBDDDUoR,112,False,0.0,211298,3174592,0,0.0,0,0.0,0.0,,0.0,N/A,0.0,0.0,0.0,0.0,0.0,0.0,,,0.0,0.0,0.0,0.0,0.0
5DiJwrYFkMhsEV9a8PdyoGzehe6sEJigKvkemdhjw6h88fwQ,185,False,0.0,169513,3122483,0,0.0,0,0.0,0.0,,0.0,N/A,0.0,0.0,0.0,0.0,0.0,0.0,,,0.0,0.0,0.0,0.0,0.0
5H3vKf42hhy11dQVgGaPmx1wdLkTVRsFKELNd3kh4twaMo3G,55,False,0.0,259752,3312954,0,0.0,0,0.0,0.0,,0.0,N/A,0.0,0.0,0.0,0.0,0.0,0.0,,,0.0,0.0,0.0,0.0,0.0
5DqYBeL7wHUeiBqFneZ9vx4EHjyQ1QuTy8ck7YSBvY8QLGHF,162,True,0.0,393113,3137874,81862,632298.21,5,15.512187507608264,12.261930563859481,,7.7239526275927775,SLOW,0.002450958083832335,0.0030859189974240656,0.011139610973597197,0.011356004669180637,0.0,0.00036975579459061394,,,0.0032294924769696786,0.008905046585348303,0.008688652889764862,0.007910118496627518,0.008126512192210958
5CLU51PTxQEoPTd6xbSfCep8Ap3ARMMrUtFZapyHZTQbjUV1,30,False,0.0,354715,3348901,0,0.0,0,0.0,0.0,,0.0,N/A,0.0,0.0,0.0,0.0,0.0,0.0,,,0.0,0.0,0.0,0.0,0.0
5Cw4vQd2EWsYZeU8nv3ntD74fZebd2u7EBuRiGbywHJ5bhDK,37,False,0.0,263267,3344955,0,0.0,0,0.0,0.0,,0.0,N/A,0.0,0.0,0.0,0.0,0.0,0.0,,,0.0,0.0,0.0,0.0,0.0
5D7kFWKcrbiaxFM57HSzFd6yrBEXCGXMxiDsYUqPMZb2cfNA,31,False,0.0,266369,3346079,0,0.0,0,0.0,0.0,,0.0,N/A,0.0,0.0,0.0,0.0,0.0,0.0,,,0.0,0.0,0.0,0.0,0.0
5Fh2zf5da6iEg4gra9LS2ppAq6qCoR1DZjUwQAD1fadKCuL9,120,False,0.0,422758,3173155,0,0.0,0,0.0,0.0,,0.0,N/A,0.0,0.0,0.0,0.0,0.0,0.0,,,0.0,0.0,0.0,0.0,0.0
5ENYfeYpqtDFVFt69hi5DnxCrT2brgtDnUuDK9uKe6XFLGUS,107,False,0.0,472794,3175124,0,0.0,0,0.0,0.0,,0.0,N/A,0.0,0.0,0.0,0.0,0.0,0.0,,,0.0,0.0,0.0,0.0,0.0
5Dqwt5JL2y6WD4EUiVhNzSbx45945teNVU8n9T4doicDhFYH,253,False,0.0,154752,3071265,0,0.0,0,0.0,0.0,,0.0,N/A,0.0,0.0,0.0,0.0,0.0,0.0,,,0.0,0.0,0.0,0.0,0.0
5HDgo5aBcc4HFMkFBF2MtfUjhN7SA3LoqJqFfxssUELNThSu,39,False,0.0,73548,3340156,0,0.0,0,0.0,0.0,,0.0,N/A,0.0,0.0,0.0,0.0,0.0,0.0,,,0.0,0.0,0.0,0.0,0.0
5ELeMbDhduEDnrZXPscMhrVjz81Ugv2XycgnXkoqKM3nS7Nu,106,False,0.0,599012,3175127,2297795,1164532.89,198,21.241864793757948,3.9695563910353338,1.0,0.5068045191150646,MID,0.06879625748502995,0.0056834799016371555,0.03264386581458331,0.03986812298762753,0.0,1.1574828802073046e-05,,,0.08837009414260137,-0.02892813449740242,-0.036152391670446635,-0.05572622832801806,-0.048501971154973844
5HMaexp8oudN42e6CSwSrVe47RodueM4U71Ecf1H6pU8gKDB,90,False,0.0,77648,3210611,170,7.56,1,0.0,0.0,,0.044470588235294116,FAST,5.0898203592814375e-06,3.6896431543789974e-08,1.2988275523043759e-05,0.0,0.0,2.0177047632966765e-09,,,0.02550554817726215,-5.0898203592814375e-06,7.89845516376232e-06,-0.025492559901739105,-0.02550554817726215
5CXtLcdfx14eBZbZvpqXjPPrknw2rgwwGBnHZcZJr34wJdfu,254,False,0.0,692751,3071264,141420,1079692.57,9,17.141935483870842,9.916280529538012,,7.6346525951067745,SLOW,0.004234131736526946,0.005269418385892019,0.0229735043115171,0.023475181229364716,0.0,0.00023998791528394918,,,0.005597243599877242,0.01924104949283777,0.018739372574990153,0.017376260711639856,0.017877937629487473
5C7kXmS2QgWminvrV9bJ3sxW8PWJqM5fAShBer5AGu9JgAgQ,85,False,0.0,51337,3224574,0,0.0,0,0.0,0.0,,0.0,N/A,0.0,0.0,0.0,0.0,0.0,0.0,,,0.0,0.0,0.0,0.0,0.0
5CUQK1orC4gBwCwV36AtSvHX4ZDJzqF2ibeWmw69usiG277u,34,False,0.0,1052364,3345598,224556,96415.05,56,16.08255867169344,3.6528068516016354,1.0,0.42935860097258594,MID,0.006723233532934132,0.0004705517582164137,0.004866273895967062,0.004319555772384887,0.0,9.069381383775475e-06,,,0.02504520190048905,-0.002403677760549245,-0.0018569596369670703,-0.02017892800452199,-0.020725646128104163
5CDP87B2xkWf2TdnUmPWw29xK5PatroAFTSvzFX1hfScR39q,76,False,0.0,157503,3251016,0,0.0,0,0.0,0.0,,0.0,N/A,0.0,0.0,0.0,0.0,0.0,0.0002757026988926251,,,0.0,0.0,0.0,0.0,0.0
5EWgbrkxRAxuM9yCkJ6QjudLEcwkGBP3ewTyManGz7k8qayV,111,False,0.0,113108,3174595,3691,559.01,4,72.51441153277466,0.9650833333333335,,0.15145218098076402,FAST,0.00011050898203592814,2.728237327684396e-06,0.000484895619526967,0.0004884303083518553,0.0,1.0100068484477385e-05,,,0.008924152162619,0.00037792132631592716,0.00037438663749103884,-0.008439256543092032,-0.008435721854267143
5HTh9BY7qzvL2r871tBAhwTUDMyv6X4iJBZTLUx4zjqPzw9H,150,False,0.0,355074,3167710,0,0.0,0,0.0,0.0,,0.0,N/A,0.0,0.0,0.0,0.0,0.0,0.0,,,0.0,0.0,0.0,0.0,0.0
5FxupdBah7dBxJrpBD8iCWXpsriHac53uRifrsa4YX8w6468,205,True,0.9997100830078125,311772,31,0,0.0,0,0.0,0.0,,0.0,N/A,0.0,0.0,0.0,0.0,0.0026400525093658467,0.0026654758030452887,,,0.0,0.0,0.0,0.0,0.0
5ChV1YxovrSKid5hRRC3Ax3GLWqCT6LqGYSuKoLFYcmNuQaw,42,False,0.0,391159,3332316,0,0.0,0,0.0,0.0,,0.0,N/A,0.0,0.0,0.0,0.0,0.0,4.272840835463988e-09,,,0.0,0.0,0.0,0.0,0.0
5CRtZLMTqKDih1tn6qTyBg5HL2bCJR8PFFQJGaEDFWNJvPq9,237,False,0.0,130871,3073115,0,0.0,0,0.0,0.0,,0.0,N/A,0.0,0.0,0.0,0.0,0.0,0.0,,,0.0,0.0,0.0,0.0,0.0
5HTn5NcpCMabvHysyESrNirifM4GQqQJSnBT64kM7qCBas64,71,True,0.9611047506332397,3048114,45,0,0.0,0,0.0,0.0,,0.0,N/A,0.0,0.0,0.0,0.0,0.02096781634933788,0.02151575641673476,,,0.0,0.0,0.0,0.0,0.0
5HSq2U6CLCJx65nK2MBUwLttJS3wf4pFvMGhrgpiEVuLot1Z,151,False,0.0,390273,3166293,0,0.0,0,0.0,0.0,,0.0,N/A,0.0,0.0,0.0,0.0,0.0,0.0,,,0.0,0.0,0.0,0.0,0.0
5FFA5k6c9u6cwefrPJ3HTmFeHVPjnbaVYcxAmiJeQDYrpxTU,104,False,0.0,403079,3179680,0,0.0,0,0.0,0.0,,0.0,N/A,0.0,0.0,0.0,0.0,0.0,4.355754598658644e-07,,,0.0,0.0,0.0,0.0,0.0
5DfNuujMBon9981Sbg4XiaNCjEWkYx5aLge7P2YQwGj5u3LW,210,False,0.0,394400,2820086,0,0.0,0,0.0,0.0,,0.0,N/A,0.0,0.0,0.0,0.0,0.0,0.0,,,0.0,0.0,0.0,0.0,0.0
5E2HgKB8MKdCj9HQGP4JmbGBKnuYBgDhuLy1vjLSnoFVXewo,209,False,0.0,22237,3079730,0,0.0,0,0.0,0.0,,0.0,N/A,0.0,0.0,0.0,0.0,0.0,0.0,,,0.0,0.0,0.0,0.0,0.0
5EU1eoc3XvXASqkPJ3ST5LRWsykFEUyXr8xyChogB4xj4hi5,15,False,0.0,304386,3378715,0,0.0,0,0.0,0.0,,0.0,N/A,0.0,0.0,0.0,0.0,0.0,0.0,,,0.0,0.0,0.0,0.0,0.0
5EZLVAwrib5jhwoXMHtmZYAfthpLfbWTx3RrUu77Evda5BEZ,181,False,0.0,204196,3130019,70,22.54,2,0.0,0.0,,0.322,MID,2.095808383233533e-06,1.1000602738055899e-07,2.7157303366364223e-05,1.526344713599548e-05,0.0,1.2490453604373572e-06,,,0.004236281399514768,1.3167638752761946e-05,2.5061494983130692e-05,-0.004209124096148404,-0.004221017952378773
5H5yiZPYhn6wega6FRXSnFo2141pCNgjKdnLJEGu6LBAVX9k,247,False,0.0,211896,3071995,0,0.0,0,0.0,0.0,,0.0,N/A,0.0,0.0,0.0,0.0,0.0,4.596647268276454e-06,,,0.0,0.0,0.0,0.0,0.0
5FLoWCDovMPeH3Gv4syQSZ8TuKcMv6N27g8diDU8zJSeRv8m,6,True,0.9997100830078125,1644674,39,0,0.0,0,0.0,0.0,,0.0,N/A,0.0,0.0,0.0,0.0,0.01657281564010456,0.016365585924981912,,,0.0,0.0,0.0,0.0,0.0
5F4rMv2uyj6fFsVXLS4ti2zPiCQUXNGQ5ovhHvJKmAs3ofvG,36,False,0.0,264782,3345372,0,0.0,0,0.0,0.0,,0.0,N/A,0.0,0.0,0.0,0.0,0.0,0.0,,,0.0,0.0,0.0,0.0,0.0
5HB94P842C3dF2iRDv2thpwVZXxZRQhNb4CGYn91CL4HuXQf,3,False,0.0,290017,3435895,0,0.0,0,0.0,0.0,,0.0,N/A,0.0,0.0,0.0,0.0,0.0,0.0,,,0.0,0.0,0.0,0.0,0.0
5CyACRMKRpVm5uCkGwDazSEyzG7Xwrjq7jXHLWZXnyRoJL8b,229,False,0.0,161486,1431063,0,0.0,0,0.0,0.0,,0.0,N/A,0.0,0.0,0.0,0.0,0.0,0.0,,,0.0,0.0,0.0,0.0,0.0
5DHjMn3axy8erTVupPHGw29nQbPHEtFMDcWHggMmxsg3YFCm,58,False,0.0,429938,3304822,0,0.0,0,0.0,0.0,,0.0,N/A,0.0,0.0,0.0,0.0,0.0,0.0,,,0.0,0.0,0.0,0.0,0.0
5GTVgSq61H4HF6vLop9Nv7Uuw6xxLjynyJwWTkFGagYtkCNN,45,False,0.0,469915,3325032,0,0.0,0,0.0,0.0,,0.0,N/A,0.0,0.0,0.0,0.0,0.0,0.0,,,0.0,0.0,0.0,0.0,0.0
5HK6dGD8NcwWdKhZSqELVhbjFArJz5bB7urZKWGzc1CaYpCr,17,False,0.0,267771,3378708,0,0.0,0,0.0,0.0,,0.0,N/A,0.0,0.0,0.0,0.0,0.0,0.0,,,0.0,0.0,0.0,0.0,0.0
5C7ULDdnpj2GfKuaJsVDBcDsYkAQUZgq9jMrhxMSkyEk1o8i,7,False,0.0,409803,3382004,0,0.0,0,0.0,0.0,,0.0,N/A,0.0,0.0,0.0,0.0,0.0,0.0,,,0.0,0.0,0.0,0.0,0.0
5FXCy2cawSTHQegKeaRxPFr5UFPF2MzydaRGNsMoeJQHdhwU,222,False,0.0,41685,3078113,0,0.0,0,0.0,0.0,,0.0,N/A,0.0,0.0,0.0,0.0,0.0,0.0,,,0.0,0.0,0.0,0.0,0.0
5Df4T8mL2MhRkYNTAKpzwceGWigUWNrKDMqe9Uc8CWG9FBez,103,False,0.0,315049,3179907,4544,4078.65,4,16.413216114457825,8.771275590551182,1.0,0.8975902288732395,MID,0.00013604790419161677,1.9905771232285578e-05,0.0,0.0,0.0,0.0,,,0.002800382945455928,-0.00013604790419161677,-0.00013604790419161677,-0.002800382945455928,-0.002800382945455928
5CMUxZ9EQpRsxtuFE3f8vcUoXheZMWnHex4WQ2dJCzxwMHaM,51,False,0.0,210890,3313660,1443459,9292441.58,8,13.911787076923456,4.337518849393525,,6.437620729095873,SLOW,0.04321733532934132,0.04535157865491237,0.07948431035996022,0.0811404840433593,0.0,1.870181448728461e-05,,,0.021323953547454838,0.03792314871401798,0.036266975030618896,0.05816035681250538,0.05981653049590446
5FQysh6C2MbQL3tgnbpy8z66S8FZosir63Htfx7UcD5ALDHG,158,False,0.0,211395,3138369,31750,1411.11,4,0.0,0.0,,0.044444409448818896,FAST,0.0009505988023952096,6.886894644941463e-06,4.171991531644359e-05,3.052689427199096e-05,0.0,3.581993684046516e-07,,,0.02679158284247768,-0.0009200719081232186,-0.000908878887078766,-0.026749862927161236,-0.02676105594820569
5EP7BQH49Kk7E7rTiX6DkVYLWwMCH9z3cPbTbc6m8VqtyGGR,81,False,0.0,115408,3244198,0,0.0,0,0.0,0.0,,0.0,N/A,0.0,0.0,0.0,0.0,0.0,0.0,,,0.0,0.0,0.0,0.0,0.0
5HBt4e7RGQDdqBQtjBvHR9pLCazLPPRybm7YWHsN3wJkDQTK,32,False,0.0,266436,3345763,0,0.0,0,0.0,0.0,,0.0,N/A,0.0,0.0,0.0,0.0,0.0,0.0,,,0.0,0.0,0.0,0.0,0.0
5E1Z8N7v4uN4x7tAmJWtLeEp5UHZfquvGuR2VeCDcthRay46,101,False,0.0,176793,3182569,0,0.0,0,0.0,0.0,,0.0,N/A,0.0,0.0,0.0,0.0,0.0,0.0,,,0.0,0.0,0.0,0.0,0.0
5Chzt5zPWqXiYu2n1ZCV2xK9ntxDBbHQZPemYbh46X4ncDUG,166,False,0.0,101801,3134992,0,0.0,0,0.0,0.0,,0.0,N/A,0.0,0.0,0.0,0.0,0.0,0.0,,,0.0,0.0,0.0,0.0,0.0
5GWxMFe2MZfN6oiWrhc7yReMjfVtDWZJ3dWp1CX8eHpNttt3,228,False,0.0,161485,3077393,0,0.0,0,0.0,0.0,,0.0,N/A,0.0,0.0,0.0,0.0,0.0,0.0,,,0.0,0.0,0.0,0.0,0.0
5GQeKcmM3QUgtbHzJoQQ6jP4M4aaMY94LhydA6ur2TxTVfkV,98,False,0.0,388351,3191145,0,0.0,0,0.0,0.0,,0.0,N/A,0.0,0.0,0.0,0.0,0.0,0.0,,,0.0,0.0,0.0,0.0,0.0
5D874e4ZpGxXBzw1RLPY2sLmCBnU9nxQjfAtDYcCRGYWDmBt,160,False,0.0,131291,3137972,0,0.0,0,0.0,0.0,,0.0,N/A,0.0,0.0,0.0,0.0,0.0,4.0231099387123713e-07,,,0.0,0.0,0.0,0.0,0.0
5CzAk2Syj8WyimTr6fQMZLp3FMjDS6cjDXF3em3vQSqDwzYB,251,False,0.0,58617,3071628,0,0.0,0,0.0,0.0,,0.0,N/A,0.0,0.0,0.0,0.0,0.0,0.0,,,0.0,0.0,0.0,0.0,0.0
5HpRdpAMLdxESMkewx2PVKAdv1Dvaj2VtKJoXaDwfR3bsEvV,232,False,0.0,134731,3076311,0,0.0,0,0.0,0.0,,0.0,N/A,0.0,0.0,0.0,0.0,0.0,0.0,,,0.0,0.0,0.0,0.0,0.0
5GWKiiudZ5AePoLA6HxH9HwF3p8Q98o1Q6tRKepsp4EouRak,18,False,0.0,341544,3378355,0,0.0,0,0.0,0.0,,0.0,N/A,0.0,0.0,0.0,0.0,0.0,0.0,,,0.0,0.0,0.0,0.0,0.0
5EKtvzbEvYZPRJdo42ug7mWrHdt4AurCNMs5CAefuBHfQmhq,0,False,0.0,127445,3445676,0,0.0,0,0.0,0.0,,0.0,N/A,0.0,0.0,0.0,0.0,0.0,0.0,,,0.0,0.0,0.0,0.0,0.0
5DP43KenyT1PCkGmAteeyN9YSFVa6ZHdZSSaEbEPqaFYHXYB,216,False,0.0,417301,3078732,0,0.0,0,0.0,0.0,,0.0,N/A,0.0,0.0,0.0,0.0,0.0,0.0,,,0.0,0.0,0.0,0.0,0.0
5E1qZJXapoZNvsqUM9Z2z8n17327af1CYaZ2LqxXxycXLVAE,139,False,0.0,271136,1413966,0,0.0,0,0.0,0.0,,0.0,N/A,0.0,0.0,0.0,0.0,0.0,0.0,,,0.0,0.0,0.0,0.0,0.0
5FmzcxcWYJk9aD12DC7GHEGCjWrUShFRUcJgub2foPPeoaFp,29,False,0.0,160564,3349897,5690,27957.78,1,66.22136921439989,0.7052964483678925,,4.9134938488576445,MID,0.00017035928143712575,0.00013644739628126195,0.003102229929473664,0.0031595335571510644,0.0,4.718880805145537e-05,,,0.0006701296460978965,0.0029891742757139385,0.002931870648036538,0.0024321002833757677,0.002489403911053168
5EEfZuY6uhJXi64eCeMWr221grq2vk4stcMsWWUorTkzkeoS,124,False,0.0,406191,3172792,0,0.0,0,0.0,0.0,,0.0,N/A,0.0,0.0,0.0,0.0,0.0,0.0,,,0.0,0.0,0.0,0.0,0.0
5HSrzDmYiTRf1m4YqbznRS72wy9iD1EgnX7VUKawSQ7VSQx4,38,False,0.0,355534,3342170,0,0.0,0,0.0,0.0,,0.0,N/A,0.0,0.0,0.0,0.0,0.0,0.0,,,0.0,0.0,0.0,0.0,0.0
5GUMh9wSyEFZvNnNdc5NvkecVnqeMco7JHwDWV4fnWigngMA,28,False,0.0,343441,3351031,0,0.0,0,0.0,0.0,,0.0,N/A,0.0,0.0,0.0,0.0,0.0,0.0,,,0.0,0.0,0.0,0.0,0.0
5FH66CVdsETLPdfVqmfS275fjigt211nm2mimohUwQGCKMmj,67,False,0.0,252334,3269299,0,0.0,0,0.0,0.0,,0.0,N/A,0.0,0.0,0.0,0.0,0.0,0.0,,,0.0,0.0,0.0,0.0,0.0
5EqBqMAvjZnNQi1jf1tpZ2Zj9dtKAVaMLon8UfAR3aqPj6qU,152,False,0.0,289225,3164946,0,0.0,0,0.0,0.0,,0.0,N/A,0.0,0.0,0.0,0.0,0.0,0.0,,,0.0,0.0,0.0,0.0,0.0
5GE6WGGGFS1m5htA5MJ7vWwF1XzQBJmudLuRTmCdCWosGq4j,26,False,0.0,39835,3369093,2084,23386.69,6,32.11358304064225,4.225502400000001,,11.222020153550863,SLOW,6.239520958083832e-05,0.00011413828129905257,0.0,0.0,0.0,1.8824271756600654e-11,,,0.0024387021558953054,-6.239520958083832e-05,-6.239520958083832e-05,-0.0024387021558953054,-0.0024387021558953054
5CVYgPHaVjEFbHKWEDDHEY9sUdnhbjqkmGPbTKDDrYebePdW,126,False,0.0,223256,3172435,0,0.0,0,0.0,0.0,,0.0,N/A,0.0,0.0,0.0,0.0,0.0,0.0,,,0.0,0.0,0.0,0.0,0.0
5HQL3o6PS6egdxSLvmyGqSGpwxh1ojXhKGjdRTHXiEDdcwZN,142,False,0.0,246157,3170634,0,0.0,0,0.0,0.0,,0.0,N/A,0.0,0.0,0.0,0.0,0.0,0.0,,,0.0,0.0,0.0,0.0,0.0
5EJ4p2AAD436S2R9SMya4pzRuREJg1bzme1firC9su541mSy,221,False,0.0,1072785,3078114,50895,2267.98,11,70.83055725190837,0.7336964285714286,,0.044561941251596425,FAST,0.0015238023952095809,1.1068831853529734e-05,0.00034477967752079796,0.00025947860131192316,0.0,1.2732378645295317e-05,,,0.029481695052470013,-0.0012643237938976576,-0.001179022717688783,-0.029136915374949217,-0.02922221645115809
5DG2ZXtBc7hf8cyoxm1NhshJfgYa124zMjX8gFDgxJmNM3dV,121,False,0.0,529572,3173152,10114,143432.53,4,29.37333611025404,2.436484872506277,,14.181582954320744,SLOW,0.00030281437125748503,0.0007000196460711113,0.003106559354648012,0.00317479700428706,0.0,1.471196689218483e-07,,,0.0018448480712835317,0.002871982633029575,0.002803744983390527,0.0012617112833644803,0.0013299489330035282
5DnXbsrDRfjyN3tsPLLM4aduJrV7BiZ4RruA1CpMc84ncCsH,56,False,0.0,122925,3312951,0,0.0,0,0.0,0.0,,0.0,N/A,0.0,0.0,0.0,0.0,0.0,0.0,,,0.0,0.0,0.0,0.0,0.0
5DCyemiY2KBd3b4hhVLGYmM99MNZgNNZk6VNPVcvrPYMXt9C,75,False,0.0,166739,3251020,0,0.0,0,0.0,0.0,,0.0,N/A,0.0,0.0,0.0,0.0,0.0,0.0,,,0.0,0.0,0.0,0.0,0.0
5HWEdB75oQN8WnbmuUxF9AYeZ4aXAFFLjL7WHQ7wNMmnwCv1,200,False,0.0,420095,3083171,0,0.0,0,0.0,0.0,,0.0,N/A,0.0,0.0,0.0,0.0,0.0,0.0,,,0.0,0.0,0.0,0.0,0.0
5GGbj2uwFXs5tVPJhmSKDxcaT4fFhbyNAky7AgUemhTjBYAp,215,False,0.0,280321,3078735,0,0.0,0,0.0,0.0,,0.0,N/A,0.0,0.0,0.0,0.0,0.0,0.0,,,0.0,0.0,0.0,0.0,0.0
5FZdeBT7vrCLGEKW8FDhpiT2c1hXg9E1bibQLgGShzbWbrZZ,201,False,0.0,46522,3083168,0,0.0,0,0.0,0.0,,0.0,N/A,0.0,0.0,0.0,0.0,0.0,0.0,,,0.0,0.0,0.0,0.0,0.0
5DUEMEBMP64qHfR8YKRBtNS338uegXdAqq4sDZN95Mi64MUV,84,True,0.9608300924301147,1978958,37,0,0.0,0,0.0,0.0,,0.0,N/A,0.0,0.0,0.0,0.0,0.017625783395765225,0.017921173690044603,,,0.0,0.0,0.0,0.0,0.0
5H3jwy83dHMDB1Kuoz5h4LGrHm1o2VonvW7hrigjbkZoJiGD,118,False,0.0,4816,3173512,129595,108686.53,15,24.975002320314807,2.309888673424407,1.0,0.8386629885412246,MID,0.0038800898203592816,0.0005304424753805655,0.0,0.0,0.0,7.376143506233092e-06,,,0.007719157424521299,-0.0038800898203592816,-0.0038800898203592816,-0.007719157424521299,-0.007719157424521299
5Ci5t4vPK3eCGhFWneB58fodg3x9oS2m8seKoDApFKUqyw4e,127,True,0.9997100830078125,1274556,108,0,0.0,0,0.0,0.0,,0.0,N/A,0.0,0.0,0.0,0.0,0.07451662963536125,0.07330605860289584,,,0.0,0.0,0.0,0.0,0.0
5EHeZX7U2LjtN5HykktKwP6C47qvapS22MZoHLaJHT5Zaim2,27,False,0.0,2356479,3369092,1804016,11553286.91,4,10.582592761903742,3.9751254705254513,,6.404204236547791,SLOW,0.05401245508982036,0.05638558989161108,0.037986770063835405,0.03393064321621612,0.0,2.6889600653478083e-08,,,0.02422724400000149,-0.020081811873604243,-0.016025685025984955,0.013759526063833915,0.009703399216214628
5FUgbsrUsqdaH5AusRZHhXfhcPaWAbaennkegLKPjnkc56CG,48,False,0.0,272395,3319772,0,0.0,0,0.0,0.0,,0.0,N/A,0.0,0.0,0.0,0.0,0.0,0.0,,,0.0,0.0,0.0,0.0,0.0
5H93dHnKR1cMaWmzcYm4d5ZtSiiRQ5QnegBR95zGqdWmB7Hs,189,False,0.0,46533,3117257,0,0.0,0,0.0,0.0,,0.0,N/A,0.0,0.0,0.0,0.0,0.0,0.0,,,0.0,0.0,0.0,0.0,0.0
5Cg1KVT1YzYBzVAbJPcj1oWXmWYHb2AeKvnJ4eCaR1mH5eTG,220,False,0.0,165528,3078115,0,0.0,0,0.0,0.0,,0.0,N/A,0.0,0.0,0.0,0.0,0.0,2.901543214186733e-09,,,0.0,0.0,0.0,0.0,0.0
5HB67c61fvbJc7m5Yf6XPRS7zuDqhXMXRj9fHDSotztLSpY1,49,False,0.0,245812,3319109,0,0.0,0,0.0,0.0,,0.0,N/A,0.0,0.0,0.0,0.0,0.0,0.0,,,0.0,0.0,0.0,0.0,0.0
5HBK3g2PURYZ99ufLRCfoqEga6ScT8KzVerxk54BELF7hZvu,165,False,0.0,7995,3134994,0,0.0,0,0.0,0.0,,0.0,N/A,0.0,0.0,0.0,0.0,0.0,0.0,,,0.0,0.0,0.0,0.0,0.0
5FLLxs5z9zDkiRBW9ThT4htaVTFb5z3HG5naM1cwGW6HvLD6,72,False,0.0,350069,3253355,0,0.0,0,0.0,0.0,,0.0,N/A,0.0,0.0,0.0,0.0,0.0,0.0,,,0.0,0.0,0.0,0.0,0.0
5Ca55hmJgpq3xsPgp3CC741PncPnKLzQQExuSqzvQR58MfQr,157,False,0.0,39837,3138373,25905,362851.73,5,30.62066452486917,2.5645901915177935,,14.007015248021617,SLOW,0.0007755988023952096,0.0017708907429220585,0.006858203060273863,0.007005922468320091,0.0,1.2750315082053623e-06,,,0.0025868330753164065,0.0062303236659248815,0.0060826042578786535,0.004271369984957456,0.0044190893930036845
5GQcM9DVh8N4iAwDDQirL8j8VY5DJXR51QiPispRWmbwNP38,91,False,0.0,273405,3210607,0,0.0,0,0.0,0.0,,0.0,N/A,0.0,0.0,0.0,0.0,0.0,0.0,,,0.0,0.0,0.0,0.0,0.0
5FpxsgcX9nXBbwkGs8ZNuTXcixCPv8nBYjFQ1kgezhjAzZyx,64,False,0.0,316546,3281370,0,0.0,0,0.0,0.0,,0.0,N/A,0.0,0.0,0.0,0.0,0.0,0.0,,,0.0,0.0,0.0,0.0,0.0
5H3ihF7NwF4sGmCYeXFNJ4pT2HHGZJzVzxbVeBSiqAFF3Nz8,239,False,0.0,224313,3073065,0,0.0,0,0.0,0.0,,0.0,N/A,0.0,0.0,0.0,0.0,0.0,0.0,,,0.0,0.0,0.0,0.0,0.0
5EAZ2NmDV5Pvz9CwFpRR2p8eXeAmoiX9CcGia31gHKG8AVW9,41,False,0.0,699392,3334309,101922,635386.73,9,31.136233193545632,2.5411250517788786,,6.2340488805164735,MID,0.003051556886227545,0.003100992458634598,0.008098386580671163,0.008349105816287694,0.0,6.391366701367893e-05,,,0.004877214124571977,0.00529754893006015,0.005046829694443618,0.0032211724560991858,0.003471891691715717
5EtWcAz8m7u8J9LSRGSybSP9CxU4f4ZYswSwhJTtzfyHwguY,144,False,0.0,223609,3170274,0,0.0,0,0.0,0.0,,0.0,N/A,0.0,0.0,0.0,0.0,0.0,0.0,,,0.0,0.0,0.0,0.0,0.0
5EL4D2tMQJPLLkA6YhkhsZbG1TXMqP3dBzBKSAbCHwS1drvU,114,False,0.0,549465,3173568,10777,113019.49,3,39.2572894122044,2.1939421743437335,,10.487101234109678,SLOW,0.00032266467065868263,0.0005515894015739491,0.0026181214781602147,0.002732157037343191,0.0,2.054166443071195e-06,,,0.0014505612284161989,0.0024094923666845083,0.002295456807501532,0.0011675602497440158,0.001281595808926992
5D8DwsFrRhrgdoCgoXGkjcs7NtfM79rpzdSfiyJ2qYi72D85,89,False,0.0,154518,3220189,0,0.0,0,0.0,0.0,,0.0,N/A,0.0,0.0,0.0,0.0,0.0,1.6819910400217904e-06,,,0.0,0.0,0.0,0.0,0.0
5G1NjW9YhXLadMWajvTkfcJy6up3yH2q1YzMXDTi6ijanChe,69,True,0.9991455078125,3261068,8,0,0.0,0,0.0,0.0,,0.0,N/A,0.0,0.0,0.0,0.0,0.005325886508971504,0.005287550497830597,,,0.0,0.0,0.0,0.0,0.0
5DtbvembQVBN4M7R9NQogkRfte8PYMqZjUJei855UiPbaLoU,135,False,0.0,56132,3171354,11722,10548.27,1,35.68645176778708,10.452240677966103,,0.8998694761986009,MID,0.00035095808383233534,5.148062459793829e-05,0.0003715433967804033,0.0003663227312638915,0.0,1.2125429958558868e-06,,,0.0016834455123883433,1.5364647431556145e-05,2.0585312948067952e-05,-0.00131190211560794,-0.0013171227811244518
5EUhUzVw2hC5okDipfR1B2vtDErgfaFkEkK2LwjyK4qpJc3b,50,False,0.0,103242,3316721,0,0.0,0,0.0,0.0,,0.0,N/A,0.0,0.0,0.0,0.0,0.0,0.0,,,0.0,0.0,0.0,0.0,0.0
5DxseuXED8m813sX21yUTpTQVCkTKaXYQ8uqttTj3stoiLQH,224,False,0.0,270954,3077754,0,0.0,0,0.0,0.0,,0.0,N/A,0.0,0.0,0.0,0.0,0.0,0.0,,,0.0,0.0,0.0,0.0,0.0
5FtCwbG8Ztg4v2fySUphcD6BsHFkbvQ2A1jZrRVoUk2jNpif,109,False,0.0,303350,3174952,3513,15003.23,6,39.24568792643131,1.6044877336448595,,4.270774267008255,MID,0.00010517964071856287,7.32229693956e-05,0.0008981589316238139,0.0009158068281597287,0.0,6.0381223801091725e-06,,,0.0025947628642891403,0.0008106271874411658,0.000792979290905251,-0.0016966039326653263,-0.0016789560361294116
5HMe9gQobn753gZKvSnieL24aJF6QCm7QHAdHEj2f2PpXv8b,47,False,0.0,376173,3322441,0,0.0,0,0.0,0.0,,0.0,N/A,0.0,0.0,0.0,0.0,0.0,0.0,,,0.0,0.0,0.0,0.0,0.0
5Di4imNtTQS1qVAgF71vYQS1Xazdfg3jdBuxgmFjFU7a63sb,73,False,0.0,267377,3251747,0,0.0,0,0.0,0.0,,0.0,N/A,0.0,0.0,0.0,0.0,0.0,0.0,,,0.0,0.0,0.0,0.0,0.0
5CerCWxuYmRRhxS35EfXRshpzgX6xY6zqzX8b6pCECyqgWht,61,False,0.0,302851,3284735,0,0.0,0,0.0,0.0,,0.0,N/A,0.0,0.0,0.0,0.0,0.0,0.0,,,0.0,0.0,0.0,0.0,0.0
5ECwnUM38pQtzgtLH8AcFAhmGUk5LvHiKKQVd9zCDX2jiykC,244,False,0.0,354038,3072354,0,0.0,0,0.0,0.0,,0.0,N/A,0.0,0.0,0.0,0.0,0.0,0.0,,,0.0,0.0,0.0,0.0,0.0
5GQjgqKPGb76jY1MmmxCJTTaAkUEDXMAkX4h39v247bFnLph,122,False,0.0,182009,3173149,0,0.0,0,0.0,0.0,,0.0,N/A,0.0,0.0,0.0,0.0,0.0,0.0,,,0.0,0.0,0.0,0.0,0.0
5CCzhyifft3ei1Z5Z7xF8RnUZZXg2JoJTfxfrqpyRRCLGxov,66,False,0.0,65529,3276537,44,4.18,2,0.0,0.0,,0.09499999999999999,FAST,1.317365269461078e-06,2.0400407917069057e-08,2.6763719259605323e-05,1.526344713599548e-05,0.0,2.17552469469481e-06,,,0.012526401984448066,1.39460818665344e-05,2.5446353990144245e-05,-0.01249963826518846,-0.012511138537312071
5CSng9xqwnpdDjMvYM6sSdUkGX599cj5Xo3sqKNpUatgRXkr,14,False,0.0,640678,3378831,1380481,9695166.96,46,20.42677465887421,3.0366483446063333,1.0,7.023035420262938,SLOW,0.04133176646706587,0.04731707196365799,0.09624233445754074,0.09829659769262555,0.0,0.0,,,0.03618140042615889,0.05696483122555968,0.05491056799047487,0.06006093403138185,0.062115197266466665
5Fk6jksEEuQyJyJec6CHW3qwNMGP9fuiwVzguVhUdhjZyyLY,12,False,0.0,439147,3378838,0,0.0,0,0.0,0.0,,0.0,N/A,0.0,0.0,0.0,0.0,0.0,0.0,,,0.0,0.0,0.0,0.0,0.0
5CChYaencw5dp1gVkE1mjLVTpZBMt2ZjJQbxisUbzma6HHwU,194,False,0.0,221897,3100767,0,0.0,0,0.0,0.0,,0.0,N/A,0.0,0.0,0.0,0.0,0.0,0.0,,,0.0,0.0,0.0,0.0,0.0
5FecqXhFaDH1b3aHUicugyf2W6iu2eqnXreDQvZkEvtGwv2V,123,False,0.0,417439,3172795,0,0.0,0,0.0,0.0,,0.0,N/A,0.0,0.0,0.0,0.0,0.0,0.0,,,0.0,0.0,0.0,0.0,0.0
5HE7d4Ws9sV1n7WCVKoZLyf6j5nRHvLhV2A5FurCta46A6Ey,227,False,0.0,354353,3077394,0,0.0,0,0.0,0.0,,0.0,N/A,0.0,0.0,0.0,0.0,0.0,0.0,,,0.0,0.0,0.0,0.0,0.0
5E5DrPjvzmSeuff5i8tfNcG7MUcqJDLP2b7gXB62A85S48Ro,57,False,0.0,154292,3309200,0,0.0,0,0.0,0.0,,0.0,N/A,0.0,0.0,0.0,0.0,0.0,0.0,,,0.0,0.0,0.0,0.0,0.0
5Epwbyif7k8Gi2dioBo5yy6ppi9aL5BsBisH6yyQyc7poRmQ,138,False,0.0,346984,3170995,0,0.0,0,0.0,0.0,,0.0,N/A,0.0,0.0,0.0,0.0,0.0,0.0,,,0.0,0.0,0.0,0.0,0.0
5E2KK6DQv8VjgunR9QZfbTCTBuaq3Zf7gG4KcDzaR8mKitKR,19,False,0.0,19519,2393943,0,0.0,0,0.0,0.0,,0.0,N/A,0.0,0.0,0.0,0.0,0.0,0.0,,,0.0,0.0,0.0,0.0,0.0
5HBYrtiUR8pRGj4ZvU2qbWoKKchrHqnHHWio3JbpSt71jpxL,60,False,0.0,354714,3286874,0,0.0,0,0.0,0.0,,0.0,N/A,0.0,0.0,0.0,0.0,0.0,0.0,,,0.0,0.0,0.0,0.0,0.0
5Ek5RajKWP9i3jf4t57Zg5AgNCNn7qF3zMSndTsqMdXFh1rc,105,False,0.0,68153,3175130,0,0.0,0,0.0,0.0,,0.0,N/A,0.0,0.0,0.0,0.0,0.0,0.0,,,0.0,0.0,0.0,0.0,0.0
5DhzqmmkD99d8MFbEEFgtQYSUWyYHRLNJKpVjYQFn5d6hJsv,148,False,0.0,138328,3169910,0,0.0,0,0.0,0.0,,0.0,N/A,0.0,0.0,0.0,0.0,0.0,0.0,,,0.0,0.0,0.0,0.0,0.0
5CaMWsE9urva1TT4xLTK2oBTpdni7oQibqrq5uXojdcLtmvv,242,False,0.0,139552,3072422,0,0.0,0,0.0,0.0,,0.0,N/A,0.0,0.0,0.0,0.0,0.0,4.349060996682881e-09,,,0.0,0.0,0.0,0.0,0.0
5DvibLM6VQ6QrG19D3bCEJcTxwsEcUN1ryji5VGFMzDkm1jL,147,False,0.0,205122,3169915,0,0.0,0,0.0,0.0,,0.0,N/A,0.0,0.0,0.0,0.0,0.0,0.0,,,0.0,0.0,0.0,0.0,0.0
5Cw4iiyjvNb31kw9dT6Zb2ofZTiWy3zhw5sfqLaLjPfTMm1H,16,False,0.0,1068968,3378711,10311056,74772676.82,21,14.994450917328244,5.076194891091692,,7.251699226538968,SLOW,0.308714251497006,0.3649265809041086,0.17950111640131883,0.18407716593895682,0.0,0.0,,,0.14878323083020198,-0.12463708555804917,-0.12921313509568716,0.03071788557111685,0.03529393510875484
5GzhWTXprfo9BVL6rpLSEnnnmeTc6jHUvtXJknut6sER6orc,130,False,0.0,355076,3172074,0,0.0,0,0.0,0.0,,0.0,N/A,0.0,0.0,0.0,0.0,0.0,0.0,,,0.0,0.0,0.0,0.0,0.0
5HH7PpodoTBiTjRWmebNaDVd75MBbbgFQKziYwnKPsZa4FAE,190,False,0.0,76440,3110355,0,0.0,0,0.0,0.0,,0.0,N/A,0.0,0.0,0.0,0.0,0.0,0.0,,,0.0,0.0,0.0,0.0,0.0
5CypZ9mEKzfKXBfwBknNyigYtLZ8o5uPgNmQpfoDxt1iczVX,176,False,0.0,459670,3131586,0,0.0,0,0.0,0.0,,0.0,N/A,0.0,0.0,0.0,0.0,0.0,2.87575728477229e-07,,,0.0,0.0,0.0,0.0,0.0
5CkrWmAwCRNuN6qNj6rYWPeWEQUk7y6jC1kUQ8y5kie3xDwi,154,False,0.0,39836,3142723,0,0.0,0,0.0,0.0,,0.0,N/A,0.0,0.0,0.0,0.0,0.0,0.0,,,0.0,0.0,0.0,0.0,0.0
5E4mJZeR9odAPtsjTg2wGuGrqtonsnzF3Sp4XeiHs7Pj1AGm,172,False,0.0,154107,3133551,0,0.0,0,0.0,0.0,,0.0,N/A,0.0,0.0,0.0,0.0,0.0,0.0,,,0.0,0.0,0.0,0.0,0.0
5FcXdhSJmAjZtT81AJ2mPUrSexGm9cKPA2Bctp3tgsAA6BK6,170,False,0.0,17991,3134282,12,0.53,1,0.0,0.0,,0.04416666666666667,FAST,3.592814371257485e-07,2.5866545923556465e-09,3.935841067589018e-07,0.0,0.0,0.0,,,0.02567780848609582,-3.592814371257485e-07,3.430266963315329e-08,-0.025677414901989062,-0.02567780848609582
5FqcdX3ZQNRoaVxRPcKu2ZoJSDF2RpTXoSLManiSMGkssdbr,88,False,0.0,339717,3223186,0,0.0,0,0.0,0.0,,0.0,N/A,0.0,0.0,0.0,0.0,0.0,0.0,,,0.0,0.0,0.0,0.0,0.0
5HbH7y5UzirwtyJyGkD4bwK84BPkFGYMiB81vjrtsVMxu2kZ,108,False,0.0,51280,3174955,0,0.0,0,0.0,0.0,,0.0,N/A,0.0,0.0,0.0,0.0,0.0,0.0,,,0.0,0.0,0.0,0.0,0.0
5H9GwKiPtCX9hmJpZdHvSbfC95c77U9LXcXzefvm2ciQLfh9,110,False,0.0,101636,3174947,0,0.0,0,0.0,0.0,,0.0,N/A,0.0,0.0,0.0,0.0,0.0,0.0,,,0.0,0.0,0.0,0.0,0.0
5FkJZyYGYfXcjZ5x6hwvE7inyu1q9eHH5f3Bj4Rv6pLf8ars,44,False,0.0,216779,3326204,0,0.0,0,0.0,0.0,,0.0,N/A,0.0,0.0,0.0,0.0,0.0,0.0,,,0.0,0.0,0.0,0.0,0.0
5FNG5G4BV4FSQM3aEgzjVfzaPuF9dTRMVDg5nv39PczjaAUz,204,False,0.0,188969,3082567,0,0.0,0,0.0,0.0,,0.0,N/A,0.0,0.0,0.0,0.0,0.0,0.0,,,0.0,0.0,0.0,0.0,0.0
5FggVB3kafX8s3RWU7DfRiWEyXEK3TpppFXJQDoY6f9hUisf,10,False,0.0,154797,3380975,0,0.0,0,0.0,0.0,,0.0,N/A,0.0,0.0,0.0,0.0,0.0,0.0,,,0.0,0.0,0.0,0.0,0.0
5C51kstnwjx7VXRtvfJdv3ETCuuaG8c88GTw8PzgfQxH43it,77,False,0.0,29579,3249827,0,0.0,0,0.0,0.0,,0.0,N/A,0.0,0.0,0.0,0.0,0.0,0.0,,,0.0,0.0,0.0,0.0,0.0
5ES8dbR82DueBMDUo15BxHUSmtwMjy2WUnbTjsEArK4Cdxk5,25,False,0.0,272344,3369094,0,0.0,0,0.0,0.0,,0.0,N/A,0.0,0.0,0.0,0.0,0.0,0.0,,,0.0,0.0,0.0,0.0,0.0
5EKtUn8iLXSGcLQwVLXfdu8rNjLUkpQKAjjUCCdYYTHPe5zH,115,False,0.0,272499,3173566,0,0.0,0,0.0,0.0,,0.0,N/A,0.0,0.0,0.0,0.0,0.0,0.0,,,0.0,0.0,0.0,0.0,0.0
5HTouVdG57WTnNM6nXckpXbBiwL2EJwxRd3qKKeuMHnzf6ua,230,False,0.0,184405,696513,0,0.0,0,0.0,0.0,,0.0,N/A,0.0,0.0,0.0,0.0,0.0,0.0,,,0.0,0.0,0.0,0.0,0.0
5FFZeTm3bXete1rXq27MuvH1MgFB1YsWafQvHuDNRjfRQ8BW,132,False,0.0,334905,3171715,0,0.0,0,0.0,0.0,,0.0,N/A,0.0,0.0,0.0,0.0,0.0,0.0,,,0.0,0.0,0.0,0.0,0.0
5DvcFNQJ4svqFbeZ5SWDCbny1Tzp9GbafsTKXcKxX4z4Naya,214,False,0.0,298124,3078739,0,0.0,0,0.0,0.0,,0.0,N/A,0.0,0.0,0.0,0.0,0.0,1.1208870153884643e-07,,,0.0,0.0,0.0,0.0,0.0
5DXfJKuHEW8F3q6aVqVrykc8jNKvnvXo2tjZ9pqHnHj5wKaY,22,False,0.0,654666,3377990,307,13.64,2,0.0,0.0,,0.0444299674267101,FAST,9.191616766467065e-06,6.656975215043588e-08,2.7157303366364223e-05,1.526344713599548e-05,0.0,3.956429431410989e-05,,,0.025912293247207212,6.0718303695284134e-06,1.7965686599897158e-05,-0.02588513594384085,-0.025897029800071216
5HYoY2cdf5SXYb6jLQxsWkFS9AUC2h4nSZzMLv9fAiCcsWN5,95,False,0.0,509825,3204092,23336,318522.53,2,30.875995749978678,2.6630694339622667,,13.649405639355503,SLOW,0.0006986826347305389,0.0015545429528174325,0.006442971827643223,0.006563282268478056,0.0,5.189751024002327e-06,,,0.0013692478454371702,0.005864599633747517,0.005744289192912684,0.005073723982206052,0.0051940344230408855
5FNo2V8x8veRddGgCNAC5Qj32kwU45awZLaH8VkkZPimtJpw,208,False,0.0,452645,3082075,0,0.0,0,0.0,0.0,,0.0,N/A,0.0,0.0,0.0,0.0,0.0,0.0,,,0.0,0.0,0.0,0.0,0.0
5DnnRTb6mcprDgxJ5bt2fGiPRhdSg4RjhHCQ3oLGV6aYvnqp,100,False,0.0,48718,3182655,0,0.0,0,0.0,0.0,,0.0,N/A,0.0,0.0,0.0,0.0,0.0,0.0,,,0.0,0.0,0.0,0.0,0.0
5DZeSzvNMsaKws1STzoXa2JzsEuSwJc21czbAS98U5wcaRKc,203,False,0.0,189336,3082571,0,0.0,0,0.0,0.0,,0.0,N/A,0.0,0.0,0.0,0.0,0.0,0.0,,,0.0,0.0,0.0,0.0,0.0
5GrtPYksRabVGpd9z1V9pe1GXGcrXtvzTs5EiDTBBfkf5Ywh,9,False,0.0,355075,3381996,0,0.0,0,0.0,0.0,,0.0,N/A,0.0,0.0,0.0,0.0,0.0,0.0,,,0.0,0.0,0.0,0.0,0.0
5DUV6xhArS6fG2WB3W6ypFHZLaBg4ccJesCkCvCs1TqK9b1Q,249,False,0.0,154555,3071990,0,0.0,0,0.0,0.0,,0.0,N/A,0.0,0.0,0.0,0.0,0.0,0.0,,,0.0,0.0,0.0,0.0,0.0
5EWMYUWBHZh9aLmjvtXCGFPrzTsKKZAqgyDhRE3JfmqGBzcw,179,False,0.0,222590,3130547,0,0.0,0,0.0,0.0,,0.0,N/A,0.0,0.0,0.0,0.0,0.0,0.0,,,0.0,0.0,0.0,0.0,0.0
5Gx9ChZyG3xcDit93WEensffAABGXRgX74KMH3XkyW8baxF4,62,False,0.0,996954,3284671,5554,16526.64,11,54.408564709406825,1.1164112943528244,,2.9756283759452646,MID,0.0001662874251497006,8.065794198529909e-05,0.0003691818921398499,0.000381586178399887,0.0,6.585826820229098e-06,,,0.004634666524769151,0.0002152987532501864,0.0002028944669901493,-0.004265484632629301,-0.004253080346369264
5GYxE84pUkiQQguX3wg4vkUTAX5PEuSzdXqHFg9uA34EMtjo,80,False,0.0,282175,3246604,0,0.0,0,0.0,0.0,,0.0,N/A,0.0,0.0,0.0,0.0,0.0,0.0,,,0.0,0.0,0.0,0.0,0.0
5DHnVY4U6RtBzjmXmKZryum5XAwCRYnYeQqzNi6v2R5szLLA,219,False,0.0,211302,3078473,0,0.0,0,0.0,0.0,,0.0,N/A,0.0,0.0,0.0,0.0,0.0,0.0,,,0.0,0.0,0.0,0.0,0.0
5HN3u9aYVpfn3hvjDU4mQgxvgpqvoxw9RMT7ofjG15UX83po,191,False,0.0,346988,3110347,0,0.0,0,0.0,0.0,,0.0,N/A,0.0,0.0,0.0,0.0,0.0,0.0,,,0.0,0.0,0.0,0.0,0.0
5FGwULP8iqYHpYtoiET4DdeVHvEP37UK8zRdk96kxHdvdBkJ,233,False,0.0,299960,3076307,0,0.0,0,0.0,0.0,,0.0,N/A,0.0,0.0,0.0,0.0,0.0,1.5435785178713067e-05,,,0.0,0.0,0.0,0.0,0.0
5DZrHRD5yC8ZaQCiv5GxGxAjt2JEBcS9DbQN1uq7d7y75XBg,149,False,0.0,407170,3169905,0,0.0,0,0.0,0.0,,0.0,N/A,0.0,0.0,0.0,0.0,0.0,0.0,,,0.0,0.0,0.0,0.0,0.0
5GxQXJnKdNNN6Xa4FzfCfUysNiTUjd18aJdGZ2APQ5VM57Z6,196,False,0.0,51067,3093961,0,0.0,0,0.0,0.0,,0.0,N/A,0.0,0.0,0.0,0.0,0.0,0.0,,,0.0,0.0,0.0,0.0,0.0
5G16pKKvxfmktkPySMHd3eWsRPqF2CEhuLZcFTfUTtWnKJMT,171,False,0.0,275650,3133555,0,0.0,0,0.0,0.0,,0.0,N/A,0.0,0.0,0.0,0.0,0.0,0.0,,,0.0,0.0,0.0,0.0,0.0
5GzsA9CgjmzqhwG4UP2MEiGMXDYQbvPV3GX837DTpRK4Cb8y,74,False,0.0,322354,3251039,0,0.0,0,0.0,0.0,,0.0,N/A,0.0,0.0,0.0,0.0,0.0,0.0,,,0.0,0.0,0.0,0.0,0.0
5HDsWR4P3K6iVzb2Le7bNG1t7KCS52RBn3qPqABgrwYmMbrM,153,False,0.0,46543,3155245,51474,9115.14,6,34.64744189377524,1.984302554027505,,0.17708241053735865,FAST,0.0015411377245508982,4.448626177540499e-05,0.0002200135156782261,0.0002289517070399322,0.0,6.452781616073259e-07,,,0.008815572366123592,-0.001312186017510966,-0.001321124208872672,-0.008595558850445367,-0.00858662065908366
5G4MNptjsxfj8XGpgCZ8Jt6yBhzbo8qmNdUCWFQ6zUVf25zJ,13,False,0.0,197172,3378835,2375,105.56,10,66.05982352941176,0.5866595744680851,,0.04444631578947369,FAST,7.110778443113773e-05,5.151835071114378e-07,4.171991531644359e-05,3.052689427199096e-05,0.0,8.793569423166257e-07,,,0.028977001479108446,-4.058089015914677e-05,-2.938786911469414e-05,-0.028935281563792003,-0.028946474584836457
5Hajd4jHpN6ds5QqAu9ukQwXdWzuctz6DCUDG5gce56ws9mi,87,False,0.0,267449,3224263,0,0.0,0,0.0,0.0,,0.0,N/A,0.0,0.0,0.0,0.0,0.0,0.0,,,0.0,0.0,0.0,0.0,0.0
5DkMfiGB2tdHG2CEFQo7LXhe5oFppEYErTbsdW3VQRbSGD6c,188,False,0.0,90649,3117265,86401,53403.96,8,18.40803550149266,5.9744593111856,1.0,0.618094235020428,MID,0.00258685628742515,0.0002606369780829759,0.0014220193777199123,0.0014500274779195705,0.0,4.873846447572081e-06,,,0.005273137123545261,-0.0011368288095055794,-0.0011648369097052376,-0.0038511177458253484,-0.00382310964562569
5HmwgHVLSvmVxqA2BQ7z9xyedCTdqo5CXHGFjYAqGGEzyHux,218,False,0.0,137008,3078474,23,1.02,1,74.74591304347828,0.2997619047619048,,0.044347826086956525,FAST,6.886227544910179e-07,4.9780899701938855e-09,1.1807523202767054e-06,0.0,0.0,0.0,,,0.025574523548640937,-6.886227544910179e-07,4.921295657856874e-07,-0.02557334279632066,-0.025574523548640937
5Fpw5S6drw26vujZVoCwjQWfmgv6Vp82Jqj2Fxw3dGaZsrGt,54,False,0.0,532013,3312957,1365905,919415.2,126,30.305924015279494,1.2838614687911725,1.0,0.6731179694049,MID,0.04089535928143712,0.004487187828984123,0.024194795794789968,0.02695524810796435,0.0,0.0,,,0.05636987807252948,-0.013940111173472772,-0.016700563486647155,-0.03217508227773951,-0.02941462996456513
5HKrusfyqPkGTdBeAEf3vzq5PHjzmZDqNwySByQPWWFE1z2v,186,False,0.0,271196,3119804,0,0.0,0,0.0,0.0,,0.0,N/A,0.0,0.0,0.0,0.0,0.0,0.0,,,0.0,0.0,0.0,0.0,0.0
5E2LP6EnZ54m3wS8s1yPvD5c3xo71kQroBw7aUVK32TKeZ5u,252,True,0.9997100830078125,129864,33,0,0.0,0,0.0,0.0,,0.0,N/A,0.0,0.0,0.0,0.0,0.0023806253841680467,0.002367750136212244,,,0.0,0.0,0.0,0.0,0.0
5F6WTRrTCaFpLXxuWe1Q1bepz9isp2QzbXsLWxWBLBFW6M7L,164,False,0.0,354716,3136441,0,0.0,0,0.0,0.0,,0.0,N/A,0.0,0.0,0.0,0.0,0.0,0.0,,,0.0,0.0,0.0,0.0,0.0
5DxzSd5rF9RmrPxYqejbCB1CnLsGhtsParMspEDQiypsiQ3h,240,False,0.0,53562,3073060,255,68.14,2,0.0,0.0,,0.2672156862745098,FAST,7.634730538922155e-06,3.325559319304033e-07,1.2988275523043759e-05,0.0,0.0,5.064895775627025e-08,,,0.004948354534562395,-7.634730538922155e-06,5.353544984121604e-06,-0.004935366259039351,-0.004948354534562395
5Di6SmX51U1D1M4maStczeLByuM3doRYQiUYffZ2Gx4fcKiX,96,False,0.0,350684,3200464,0,0.0,0,0.0,0.0,,0.0,N/A,0.0,0.0,0.0,0.0,0.0,1.45507775036033e-09,,,0.0,0.0,0.0,0.0,0.0
5FjZTkxKSbkZZ6ssyN8viZ5JqG6TwtLWbpStbNbW7jWV2hso,119,False,0.0,146202,3173509,0,0.0,0,0.0,0.0,,0.0,N/A,0.0,0.0,0.0,0.0,0.0,0.0,,,0.0,0.0,0.0,0.0,0.0
5EL3PzykRz7QR9a1NLZFeWWrwJT19Ehv73M7tsDiVVgcDERJ,21,False,0.0,402596,3377995,0,0.0,0,0.0,0.0,,0.0,N/A,0.0,0.0,0.0,0.0,0.0,0.0,,,0.0,0.0,0.0,0.0,0.0
5CvgWw3dZmbeds77NUqWgoN6CEHmKoswyVj35byXh6ho2szP,192,False,0.0,173088,3110336,0,0.0,0,0.0,0.0,,0.0,N/A,0.0,0.0,0.0,0.0,0.0,0.0,,,0.0,0.0,0.0,0.0,0.0
5Cr1zR9MznWbqyfLrSEDjg2ookxEcQNH3p6PGJATxkiRdNKh,235,False,0.0,161484,3073124,0,0.0,0,0.0,0.0,,0.0,N/A,0.0,0.0,0.0,0.0,0.0,0.0,,,0.0,0.0,0.0,0.0,0.0
5DRvxuNrsAFs33XtASnBbZ2ErmjS9FsVqvxBSrE4rEEggCXB,20,False,0.0,70346,3378351,0,0.0,0,0.0,0.0,,0.0,N/A,0.0,0.0,0.0,0.0,0.0,0.0,,,0.0,0.0,0.0,0.0,0.0
5GncYN5L6Z5ePnwkUY8SYPNHg2hQ81YVJ4T7J7BQaiU4tZJq,70,False,0.0,164615,3258780,5629,250.18,1,0.0,0.0,,0.04444483922543969,FAST,0.00016853293413173653,1.2209985771991237e-06,3.935841067589018e-07,0.0,0.0,1.2047245500185427e-07,,,0.025541102874089287,-0.00016853293413173653,-0.00016813935002497763,-0.02554070928998253,-0.025541102874089287
5C7ZcmbwrAR3fTE7j27EnihJfkmsyn4wRD6JKKVdGjbBsn64,8,True,0.9648889899253845,3070194,57,0,0.0,0,0.0,0.0,,0.0,N/A,0.0,0.0,0.0,0.0,0.052953654844313684,0.054205525086970595,,,0.0,0.0,0.0,0.0,0.0
5CSPjcZn61acE52G28CUMPHKdHh7D1yxzwCefpfSpYaB9vg6,11,False,0.0,165106,3380427,0,0.0,0,0.0,0.0,,0.0,N/A,0.0,0.0,0.0,0.0,0.0,0.0,,,0.0,0.0,0.0,0.0,0.0
5FUHfMe6n6A3AM8hNDhhMAsr7SWE8ftt2iHotWqJutEDUoH8,128,False,0.0,404445,3172431,1575,625.52,3,0.0,0.0,,0.39715555555555554,MID,4.715568862275449e-05,3.0528380766232145e-06,0.00022473652495933293,0.0002289517070399322,0.0,8.34075229016324e-06,,,0.003969502709623145,0.0001817960184171777,0.00017758083633657843,-0.0037447661846638117,-0.0037405510025832127
5FKuhizq8gmgQm9rvrUf85jA1bQi3An7Bz7Xdvvcc7PxWbDC,198,False,0.0,48870,3090575,0,0.0,0,0.0,0.0,,0.0,N/A,0.0,0.0,0.0,0.0,0.0,0.0,,,0.0,0.0,0.0,0.0,0.0
5EXbNLsYxwv7utyuBGtUPrKYfHujFcCe1zRHwpunJpzY5h1p,99,False,0.0,406294,3182984,0,0.0,0,0.0,0.0,,0.0,N/A,0.0,0.0,0.0,0.0,0.0,0.0,,,0.0,0.0,0.0,0.0,0.0
5Ea3ad5vuxRtKiXGqWBQo5cZHrvZynf2XNbtjxKnMbepsVch,5,False,0.0,464999,3394460,0,0.0,0,0.0,0.0,,0.0,N/A,0.0,0.0,0.0,0.0,0.0,0.0,,,0.0,0.0,0.0,0.0,0.0
5Ey68qeXWMeaiUsTfgxWiCdbYEJt3M1qmKFbq12qB7pE6gvN,43,False,0.0,91508,3329692,0,0.0,0,0.0,0.0,,0.0,N/A,0.0,0.0,0.0,0.0,0.0,0.0,,,0.0,0.0,0.0,0.0,0.0
5C8Kbd2y4SC12KtskTtqiv8KePXR25XfSPYUkZcoRtCxVFdV,53,False,0.0,272976,3313651,0,0.0,0,0.0,0.0,,0.0,N/A,0.0,0.0,0.0,0.0,0.0,0.0,,,0.0,0.0,0.0,0.0,0.0
5D9wtap7FJiGqnS5paUdWN66ev2sY39ToDRCKXYEcahwsX1F,143,False,0.0,447238,3170629,0,0.0,0,0.0,0.0,,0.0,N/A,0.0,0.0,0.0,0.0,0.0,0.0,,,0.0,0.0,0.0,0.0,0.0
5DhoUwCbnF9TwQY1zyJC4s3SgE77bkwwzci76AzJTuVe8ish,86,False,0.0,189338,3224419,0,0.0,0,0.0,0.0,,0.0,N/A,0.0,0.0,0.0,0.0,0.0,0.0,,,0.0,0.0,0.0,0.0,0.0
5HBLYckghNHGpEeCR4cv3P65qH3DLrFtKyfiCGzF1bEJ6ojE,117,False,0.0,458576,3173515,0,0.0,0,0.0,0.0,,0.0,N/A,0.0,0.0,0.0,0.0,0.0,0.0,,,0.0,0.0,0.0,0.0,0.0
5CG17U5xRU2h5TUVkL5UPFZSrsNGibh89gRPEWVYWUfDKX5R,195,False,0.0,415297,3098863,0,0.0,0,0.0,0.0,,0.0,N/A,0.0,0.0,0.0,0.0,0.0,0.0,,,0.0,0.0,0.0,0.0,0.0
5DLPCuLRBDjDfKEdBR8dBG3aFCeheZiE8vfY9U3SRRDGyjCX,243,False,0.0,182154,3072421,0,0.0,0,0.0,0.0,,0.0,N/A,0.0,0.0,0.0,0.0,0.0,0.0,,,0.0,0.0,0.0,0.0,0.0
5Dq9nMUsfQFu6PEWjruoN1obwyvXKqCNfdX6LuN4wGpbxurk,173,False,0.0,189337,3133195,0,0.0,0,0.0,0.0,,0.0,N/A,0.0,0.0,0.0,0.0,0.0,0.0,,,0.0,0.0,0.0,0.0,0.0
5F4Q3cA8EvApwhBj4eLjbb1meiLtzKgWhkF5JLRMNhRfqULc,59,True,0.38999009132385254,3056622,958279,0,0.0,0,0.0,0.0,,0.0,N/A,0.0,0.0,0.0,0.0,0.0,0.007699202139517589,,,0.0,0.0,0.0,0.0,0.0
5EHEVR9kymJN932VwV25fdNtTCCPDSQfL7PVtnyPkmUT6MfX,231,False,0.0,29651,3076409,0,0.0,0,0.0,0.0,,0.0,N/A,0.0,0.0,0.0,0.0,0.0,0.0,,,0.0,0.0,0.0,0.0,0.0
5DUqV6LkzgGjaGV91uxU3B4GBQHFqqWuRZuQw4htBRFXRmpj,23,False,0.0,293889,3376391,0,0.0,0,0.0,0.0,,0.0,N/A,0.0,0.0,0.0,0.0,0.0,2.728628735357187e-07,,,0.0,0.0,0.0,0.0,0.0
5CnoEqrc7fQ64vKgvhh94kU2ZWZK6MxqwCQSY6ChGXVH7Uid,116,False,0.0,469916,3173565,0,0.0,0,0.0,0.0,,0.0,N/A,0.0,0.0,0.0,0.0,0.0,0.0,,,0.0,0.0,0.0,0.0,0.0
5FLNuUCCHhRJyJsGQh7tDMDwyLWEBzmzX85v65KmtiQN8RHi,183,False,0.0,346991,3129435,0,0.0,0,0.0,0.0,,0.0,N/A,0.0,0.0,0.0,0.0,0.0,0.0,,,0.0,0.0,0.0,0.0,0.0
5GU9cZhDVZ1a9zFBg4bvZ1NYVe3XLvbF1cbDVCCMnwBAPd44,187,False,0.0,206435,3117266,0,0.0,0,0.0,0.0,,0.0,N/A,0.0,0.0,0.0,0.0,0.0,0.0,,,0.0,0.0,0.0,0.0,0.0
5CSd5AR2k5FbczFV85tmcf7PMrDGKS3jEw41eggHbRWcY9jR,97,False,0.0,205401,3199345,0,0.0,0,0.0,0.0,,0.0,N/A,0.0,0.0,0.0,0.0,0.0,0.0,,,0.0,0.0,0.0,0.0,0.0
5G6pXPH7QDxYjSP18eZ4si2xLK3GT9eLd9VxdZuewTb2SsBU,161,False,0.0,430148,3137968,0,0.0,0,0.0,0.0,,0.0,N/A,0.0,0.0,0.0,0.0,0.0,0.0,,,0.0,0.0,0.0,0.0,0.0
5CP5W7azxgh2465B97vrtsREDerwM1ZFhnPpNh2YJZcJU9pm,225,False,0.0,271432,3077753,0,0.0,0,0.0,0.0,,0.0,N/A,0.0,0.0,0.0,0.0,0.0,0.0,,,0.0,0.0,0.0,0.0,0.0
5EPhV7FDS1PEHUbBaieZdwsbvusWbxZP3G56Ubnm25Nfw1JR,177,False,0.0,1107083,3131583,320489,2289290.58,10,17.008679204023522,5.691744651675482,,7.143117486091566,SLOW,0.009595479041916167,0.011172837720742493,0.035805526944177574,0.03390011678774046,0.0,7.434651904380423e-05,,,0.00831119161866394,0.024304637745824288,0.026210047902261405,0.02749433532551363,0.025588925169076515
5HayMZWg9pHDWr8Roauxz9UpXYmJSaNuJrQzVHvB5xGua19A,168,False,0.0,215496,3134635,0,0.0,0,0.0,0.0,,0.0,N/A,0.0,0.0,0.0,0.0,0.0,0.0,,,0.0,0.0,0.0,0.0,0.0
5Eo7RenGxhqjKhi5LTLs3sRRrYREMVMiRPRQzKeDNADBoRmB,113,False,0.0,25486,3174587,0,0.0,0,0.0,0.0,,0.0,N/A,0.0,0.0,0.0,0.0,0.0,0.0,,,0.0,0.0,0.0,0.0,0.0
5GTugoBSaYfNfWKk3ifsc5eafyhvwfSTMmRDon9saMhEtVbA,131,False,0.0,235986,3172072,0,0.0,0,0.0,0.0,,0.0,N/A,0.0,0.0,0.0,0.0,0.0,4.935153351649211e-07,,,0.0,0.0,0.0,0.0,0.0
5DVE6LStNcS8BN2U5Z7pCj6oeYScKNSTzCDUg2uJ3RCqDLH8,202,False,0.0,105098,340445,0,0.0,0,0.0,0.0,,0.0,N/A,0.0,0.0,0.0,0.0,0.0,1.3694836153006173e-05,,,0.0,0.0,0.0,0.0,0.0
5EqRxhsFVvFvEgNhtMqVRqEfkXQ4whJfckPDoEeG1RSQ1eAk,226,False,0.0,34849,3077395,0,0.0,0,0.0,0.0,,0.0,N/A,0.0,0.0,0.0,0.0,0.0,0.0,,,0.0,0.0,0.0,0.0,0.0
5HpgdbY4iEN4ZEon3iZvCiiVjvBmHv2WZ5qPXAUGZ3N7kMKe,40,False,0.0,263088,3338546,0,0.0,0,0.0,0.0,,0.0,N/A,0.0,0.0,0.0,0.0,0.0,0.0,,,0.0,0.0,0.0,0.0,0.0
5Dt7HZ7Zpw4DppPxFM7Ke3Cm7sDAWhsZXmM5ZAmE7dSVJbcQ,1,True,0.9999847412109375,3445459,28,0,0.0,0,0.0,0.0,,0.0,N/A,0.0,0.0,0.0,0.0,0.6961955687558361,0.6818703261417054,,,0.0,0.0,0.0,0.0,0.0
5GGmYauPkzRFpzYbW5JkLREkeDvusyLduzQgQEGW4ukEuUda,246,False,0.0,196743,3072352,0,0.0,0,0.0,0.0,,0.0,N/A,0.0,0.0,0.0,0.0,0.0,0.0,,,0.0,0.0,0.0,0.0,0.0
5CUxi4yMA4386q2tGvjfC5V7AuLehvMdUMzRdawmiEWxscmU,223,False,0.0,154753,3077755,0,0.0,0,0.0,0.0,,0.0,N/A,0.0,0.0,0.0,0.0,0.0,0.0,,,0.0,0.0,0.0,0.0,0.0
5GvQobvQQsZm5LCwGbznFir2MFn8aPtjexy4piXMV7reur1h,2,False,0.0,465246,3436495,0,0.0,0,0.0,0.0,,0.0,N/A,0.0,0.0,0.0,0.0,0.0,0.0,,,0.0,0.0,0.0,0.0,0.0
5D7hgR7Q9JzTh4HZV3NYZ4H8XZcj3AF8tyZFf2i3Dp3ta5C1,241,False,0.0,225643,3072423,0,0.0,0,0.0,0.0,,0.0,N/A,0.0,0.0,0.0,0.0,0.0,0.0,,,0.0,0.0,0.0,0.0,0.0
5FCwje92H4Lsm1kDCTPD5U6CcirR9UTVMUwfBVZ8oM7qBjCC,146,False,0.0,356246,3170266,0,0.0,0,0.0,0.0,,0.0,N/A,0.0,0.0,0.0,0.0,0.0,0.0,,,0.0,0.0,0.0,0.0,0.0
5FNvG48CxpRTDDeYBcGJwcwu57uXmpxavHZXagFWAJ47w8JZ,169,False,0.0,12392,3134339,8,7.17,1,0.0,0.0,,0.89625,MID,2.3952095808383233e-07,3.499304420224525e-08,0.0,0.0,0.0,0.0,,,0.0016297887196251779,-2.3952095808383233e-07,-2.3952095808383233e-07,-0.0016297887196251779,-0.0016297887196251779
5HWfcvxmCgkohwtaQVzF5fJmqozQ9aBf9D5M9fsnDjMkc4tn,174,False,0.0,7261,3133191,0,0.0,0,0.0,0.0,,0.0,N/A,0.0,0.0,0.0,0.0,0.0,0.0,,,0.0,0.0,0.0,0.0,0.0
5CXJ4LWSasjCeTJpHvFg17ZRWsVe6UTdX2RSVVSkWQgK5fmz,213,False,0.0,352674,3079071,0,0.0,0,0.0,0.0,,0.0,N/A,0.0,0.0,0.0,0.0,0.0,0.0,,,0.0,0.0,0.0,0.0,0.0
5G9hfkx9wGB1CLMT9WXkpHSAiYzjZb5o1Boyq4KAdDhjwrc5,234,True,0.9999237060546875,1761255,23,0,0.0,0,0.0,0.0,,0.0,N/A,0.0,0.0,0.0,0.0,0.01031604333139487,0.010173215383746784,,,0.0,0.0,0.0,0.0,0.0
5FCFHNcJgPNegccZZ4rbKsyEi2XkE3RNCUmZH6qu6J1yCEkX,140,False,0.0,216338,3170987,0,0.0,0,0.0,0.0,,0.0,N/A,0.0,0.0,0.0,0.0,0.0,0.0,,,0.0,0.0,0.0,0.0,0.0
5CkNCtBJRDGrLUso1K4gjDmXqG9fXTA5eyJGRNo5s2LBgjg4,236,False,0.0,274622,3073120,0,0.0,0,0.0,0.0,,0.0,N/A,0.0,0.0,0.0,0.0,0.0,0.0,,,0.0,0.0,0.0,0.0,0.0
5Cr5MTZvLempoK2bZW5FpB82f6ytmkM8mVhdXHv7wu68mW9h,250,False,0.0,415482,3071629,0,0.0,0,0.0,0.0,,0.0,N/A,0.0,0.0,0.0,0.0,0.0,0.0,,,0.0,0.0,0.0,0.0,0.0
5FbXcHSJRnPYUqgGyDThFwR1KEe3w5sZ9n4wsSGS2mheYxma,180,False,0.0,207449,3130543,0,0.0,0,0.0,0.0,,0.0,N/A,0.0,0.0,0.0,0.0,0.0,0.0,,,0.0,0.0,0.0,0.0,0.0
